student_id,course_id,instructor_id,classroom_id,timeslot_id
21bc9a71-d2ae-496e-97ee-11fce7030c3d,21,c8a0eed4-ccd5-46fc-8b97-64b89728d342,8,62
21bc9a71-d2ae-496e-97ee-11fce7030c3d,16,12fa2bc8-2060-41f1-a8ce-0ad8dc7c31e6,8,7
21bc9a71-d2ae-496e-97ee-11fce7030c3d,10,7ceb34df-c5cd-4a6d-bbbd-ba393535b9d2,8,4
21bc9a71-d2ae-496e-97ee-11fce7030c3d,14,12fa2bc8-2060-41f1-a8ce-0ad8dc7c31e6,8,66
af1bdbb8-c351-47bb-a7d1-3ea1b612dfc1,5,c8a0eed4-ccd5-46fc-8b97-64b89728d342,8,23
af1bdbb8-c351-47bb-a7d1-3ea1b612dfc1,19,449de61b-f2b5-406f-8445-17b960996d0a,8,88
af1bdbb8-c351-47bb-a7d1-3ea1b612dfc1,22,aec9a7a7-c8be-461b-8047-f0c97726edf1,8,50
5b472a51-06a8-4b5a-92db-c38508bce025,17,449de61b-f2b5-406f-8445-17b960996d0a,20,7
5b472a51-06a8-4b5a-92db-c38508bce025,11,fc70f172-e0d8-4202-a83b-a8d6cc75de10,20,23
5b472a51-06a8-4b5a-92db-c38508bce025,2,12fa2bc8-2060-41f1-a8ce-0ad8dc7c31e6,20,62
ce17f2c5-a5f4-4d5a-89a0-c22da5d0ed9b,19,aec9a7a7-c8be-461b-8047-f0c97726edf1,3,7
ce17f2c5-a5f4-4d5a-89a0-c22da5d0ed9b,4,79463069-f838-4edd-9438-cdc4c95e75a2,8,97
ce17f2c5-a5f4-4d5a-89a0-c22da5d0ed9b,2,0be1929c-a780-4078-9e98-6df4cf99c936,8,46
ee0dbfba-3e26-4b8b-912c-77e6d06c272a,3,12fa2bc8-2060-41f1-a8ce-0ad8dc7c31e6,20,50
ee0dbfba-3e26-4b8b-912c-77e6d06c272a,17,fe8c95dc-f314-472c-a317-83d7bb76fbc9,20,46
ee0dbfba-3e26-4b8b-912c-77e6d06c272a,18,d3f82f56-4d74-4c26-a4c7-d20f153383cb,11,7
0583e5ee-b4ad-44c4-b1af-de61ab1527d4,19,fc70f172-e0d8-4202-a83b-a8d6cc75de10,20,88
0583e5ee-b4ad-44c4-b1af-de61ab1527d4,17,c8a0eed4-ccd5-46fc-8b97-64b89728d342,20,66
0583e5ee-b4ad-44c4-b1af-de61ab1527d4,8,a12b297c-6ca7-436c-8318-08b5a05e1eea,20,97
0583e5ee-b4ad-44c4-b1af-de61ab1527d4,8,fe8c95dc-f314-472c-a317-83d7bb76fbc9,3,23
1a5dfaf5-258d-4176-9bc6-82111c6194d4,21,d3f82f56-4d74-4c26-a4c7-d20f153383cb,8,17
1a5dfaf5-258d-4176-9bc6-82111c6194d4,10,12fa2bc8-2060-41f1-a8ce-0ad8dc7c31e6,8,59
1a5dfaf5-258d-4176-9bc6-82111c6194d4,11,cff4ee54-8789-46e5-a995-15c0dea35275,8,32
1a5dfaf5-258d-4176-9bc6-82111c6194d4,19,0be1929c-a780-4078-9e98-6df4cf99c936,3,66
1a5dfaf5-258d-4176-9bc6-82111c6194d4,16,d372a3ee-4ff5-48df-a5f2-7da725570f5e,8,9
6b1472bf-0f9b-488c-9407-8e35c42dbeed,16,79463069-f838-4edd-9438-cdc4c95e75a2,20,17
6b1472bf-0f9b-488c-9407-8e35c42dbeed,8,fc70f172-e0d8-4202-a83b-a8d6cc75de10,8,86
6b1472bf-0f9b-488c-9407-8e35c42dbeed,8,aec9a7a7-c8be-461b-8047-f0c97726edf1,20,4
7bfe1792-4e5b-4865-b3ae-67412e24b014,22,c8a0eed4-ccd5-46fc-8b97-64b89728d342,3,4
7bfe1792-4e5b-4865-b3ae-67412e24b014,3,d372a3ee-4ff5-48df-a5f2-7da725570f5e,3,17
7bfe1792-4e5b-4865-b3ae-67412e24b014,11,a12b297c-6ca7-436c-8318-08b5a05e1eea,20,32
c263017a-2631-4bdd-ad00-16d0dc4491c5,8,449de61b-f2b5-406f-8445-17b960996d0a,3,32
c263017a-2631-4bdd-ad00-16d0dc4491c5,11,449de61b-f2b5-406f-8445-17b960996d0a,8,41
c263017a-2631-4bdd-ad00-16d0dc4491c5,17,fc70f172-e0d8-4202-a83b-a8d6cc75de10,20,59
c263017a-2631-4bdd-ad00-16d0dc4491c5,18,449de61b-f2b5-406f-8445-17b960996d0a,3,97
c263017a-2631-4bdd-ad00-16d0dc4491c5,21,fc70f172-e0d8-4202-a83b-a8d6cc75de10,8,92
d85094ad-37e2-4d69-96ea-6dbb0293398d,21,aec9a7a7-c8be-461b-8047-f0c97726edf1,3,59
d85094ad-37e2-4d69-96ea-6dbb0293398d,16,0be1929c-a780-4078-9e98-6df4cf99c936,11,32
d85094ad-37e2-4d69-96ea-6dbb0293398d,18,fe8c95dc-f314-472c-a317-83d7bb76fbc9,11,17
87246264-13e1-45b6-8e63-8b5fab00e932,5,fe8c95dc-f314-472c-a317-83d7bb76fbc9,2,32
87246264-13e1-45b6-8e63-8b5fab00e932,3,0be1929c-a780-4078-9e98-6df4cf99c936,2,17
87246264-13e1-45b6-8e63-8b5fab00e932,22,fc70f172-e0d8-4202-a83b-a8d6cc75de10,3,46
87246264-13e1-45b6-8e63-8b5fab00e932,11,0be1929c-a780-4078-9e98-6df4cf99c936,20,41
23ddcbe2-c751-4235-8105-ef8dc3eb7fb9,21,0be1929c-a780-4078-9e98-6df4cf99c936,3,62
23ddcbe2-c751-4235-8105-ef8dc3eb7fb9,14,449de61b-f2b5-406f-8445-17b960996d0a,11,46
23ddcbe2-c751-4235-8105-ef8dc3eb7fb9,6,fc70f172-e0d8-4202-a83b-a8d6cc75de10,8,93
23ddcbe2-c751-4235-8105-ef8dc3eb7fb9,22,a12b297c-6ca7-436c-8318-08b5a05e1eea,11,66
23ddcbe2-c751-4235-8105-ef8dc3eb7fb9,5,79463069-f838-4edd-9438-cdc4c95e75a2,11,59
012ed15e-7f30-42f0-8601-4e6f37e48cb1,16,c8a0eed4-ccd5-46fc-8b97-64b89728d342,22,32
012ed15e-7f30-42f0-8601-4e6f37e48cb1,5,aec9a7a7-c8be-461b-8047-f0c97726edf1,2,66
012ed15e-7f30-42f0-8601-4e6f37e48cb1,8,d3f82f56-4d74-4c26-a4c7-d20f153383cb,20,9
40797088-5825-4db4-a034-818c47385b11,18,0be1929c-a780-4078-9e98-6df4cf99c936,8,58
40797088-5825-4db4-a034-818c47385b11,6,fc70f172-e0d8-4202-a83b-a8d6cc75de10,2,7
40797088-5825-4db4-a034-818c47385b11,10,d3f82f56-4d74-4c26-a4c7-d20f153383cb,2,59
40797088-5825-4db4-a034-818c47385b11,16,449de61b-f2b5-406f-8445-17b960996d0a,11,4
e2bac550-27ba-4fc9-916c-75536e460b3e,14,d372a3ee-4ff5-48df-a5f2-7da725570f5e,20,58
e2bac550-27ba-4fc9-916c-75536e460b3e,4,fc70f172-e0d8-4202-a83b-a8d6cc75de10,22,66
e2bac550-27ba-4fc9-916c-75536e460b3e,22,cff4ee54-8789-46e5-a995-15c0dea35275,2,46
e2bac550-27ba-4fc9-916c-75536e460b3e,2,a12b297c-6ca7-436c-8318-08b5a05e1eea,20,86
810352f6-c4e1-45bb-bcc9-484247ed265a,8,fc70f172-e0d8-4202-a83b-a8d6cc75de10,3,58
810352f6-c4e1-45bb-bcc9-484247ed265a,16,fc70f172-e0d8-4202-a83b-a8d6cc75de10,8,47
810352f6-c4e1-45bb-bcc9-484247ed265a,4,d372a3ee-4ff5-48df-a5f2-7da725570f5e,17,66
810352f6-c4e1-45bb-bcc9-484247ed265a,2,fc70f172-e0d8-4202-a83b-a8d6cc75de10,2,4
810352f6-c4e1-45bb-bcc9-484247ed265a,5,aec9a7a7-c8be-461b-8047-f0c97726edf1,3,88
7a9ad070-7c38-4353-a41c-dcf7bb8e50a3,17,a12b297c-6ca7-436c-8318-08b5a05e1eea,22,17
7a9ad070-7c38-4353-a41c-dcf7bb8e50a3,2,0be1929c-a780-4078-9e98-6df4cf99c936,20,93
7a9ad070-7c38-4353-a41c-dcf7bb8e50a3,10,449de61b-f2b5-406f-8445-17b960996d0a,26,66
7a9ad070-7c38-4353-a41c-dcf7bb8e50a3,4,79463069-f838-4edd-9438-cdc4c95e75a2,8,1
7a9ad070-7c38-4353-a41c-dcf7bb8e50a3,22,c8a0eed4-ccd5-46fc-8b97-64b89728d342,22,59
687c9e95-f6b5-41a8-87e0-a940d25dd620,8,449de61b-f2b5-406f-8445-17b960996d0a,11,62
687c9e95-f6b5-41a8-87e0-a940d25dd620,10,d3f82f56-4d74-4c26-a4c7-d20f153383cb,11,88
687c9e95-f6b5-41a8-87e0-a940d25dd620,3,c8a0eed4-ccd5-46fc-8b97-64b89728d342,22,7
687c9e95-f6b5-41a8-87e0-a940d25dd620,16,a12b297c-6ca7-436c-8318-08b5a05e1eea,3,41
5e0242e4-71ca-4fdf-9ef6-f8b425ab7ded,10,cff4ee54-8789-46e5-a995-15c0dea35275,20,1
5e0242e4-71ca-4fdf-9ef6-f8b425ab7ded,4,0be1929c-a780-4078-9e98-6df4cf99c936,17,7
5e0242e4-71ca-4fdf-9ef6-f8b425ab7ded,3,c8a0eed4-ccd5-46fc-8b97-64b89728d342,20,47
5e0242e4-71ca-4fdf-9ef6-f8b425ab7ded,16,aec9a7a7-c8be-461b-8047-f0c97726edf1,11,97
d041d3ec-d9a6-4b43-8a70-01101fc16ce6,10,d372a3ee-4ff5-48df-a5f2-7da725570f5e,2,97
d041d3ec-d9a6-4b43-8a70-01101fc16ce6,16,fc70f172-e0d8-4202-a83b-a8d6cc75de10,3,50
d041d3ec-d9a6-4b43-8a70-01101fc16ce6,17,fc70f172-e0d8-4202-a83b-a8d6cc75de10,3,1
d041d3ec-d9a6-4b43-8a70-01101fc16ce6,3,fe8c95dc-f314-472c-a317-83d7bb76fbc9,3,93
d041d3ec-d9a6-4b43-8a70-01101fc16ce6,6,fe8c95dc-f314-472c-a317-83d7bb76fbc9,11,41
57548b21-cfac-4a9e-b3aa-0268bf4e454a,17,c8a0eed4-ccd5-46fc-8b97-64b89728d342,22,46
57548b21-cfac-4a9e-b3aa-0268bf4e454a,16,c8a0eed4-ccd5-46fc-8b97-64b89728d342,3,86
57548b21-cfac-4a9e-b3aa-0268bf4e454a,11,fe8c95dc-f314-472c-a317-83d7bb76fbc9,11,58
57548b21-cfac-4a9e-b3aa-0268bf4e454a,6,79463069-f838-4edd-9438-cdc4c95e75a2,11,23
18e6b005-ca44-4e0c-b747-3c18ef064363,2,449de61b-f2b5-406f-8445-17b960996d0a,3,47
18e6b005-ca44-4e0c-b747-3c18ef064363,18,79463069-f838-4edd-9438-cdc4c95e75a2,17,46
18e6b005-ca44-4e0c-b747-3c18ef064363,22,aec9a7a7-c8be-461b-8047-f0c97726edf1,2,23
b547a75c-01d5-4f4a-b9be-d439d67e5c22,17,a12b297c-6ca7-436c-8318-08b5a05e1eea,11,47
b547a75c-01d5-4f4a-b9be-d439d67e5c22,16,fe8c95dc-f314-472c-a317-83d7bb76fbc9,2,88
b547a75c-01d5-4f4a-b9be-d439d67e5c22,3,fe8c95dc-f314-472c-a317-83d7bb76fbc9,22,97
b547a75c-01d5-4f4a-b9be-d439d67e5c22,21,79463069-f838-4edd-9438-cdc4c95e75a2,27,66
b547a75c-01d5-4f4a-b9be-d439d67e5c22,2,79463069-f838-4edd-9438-cdc4c95e75a2,26,7
ba606cf9-8932-4465-a2c7-70013807e0d6,10,fc70f172-e0d8-4202-a83b-a8d6cc75de10,17,17
ba606cf9-8932-4465-a2c7-70013807e0d6,2,79463069-f838-4edd-9438-cdc4c95e75a2,22,88
ba606cf9-8932-4465-a2c7-70013807e0d6,21,fe8c95dc-f314-472c-a317-83d7bb76fbc9,22,4
53f8df97-b8df-4ef9-a727-f426f79f299b,10,fe8c95dc-f314-472c-a317-83d7bb76fbc9,27,7
53f8df97-b8df-4ef9-a727-f426f79f299b,17,7ceb34df-c5cd-4a6d-bbbd-ba393535b9d2,11,93
53f8df97-b8df-4ef9-a727-f426f79f299b,17,aec9a7a7-c8be-461b-8047-f0c97726edf1,2,58
48b3cc9a-cb53-4905-886e-e761bea06670,8,a12b297c-6ca7-436c-8318-08b5a05e1eea,2,93
48b3cc9a-cb53-4905-886e-e761bea06670,4,d3f82f56-4d74-4c26-a4c7-d20f153383cb,17,4
48b3cc9a-cb53-4905-886e-e761bea06670,2,c8a0eed4-ccd5-46fc-8b97-64b89728d342,17,97
66f5c855-572f-4003-8b41-8e0faff985bc,3,7ceb34df-c5cd-4a6d-bbbd-ba393535b9d2,22,23
66f5c855-572f-4003-8b41-8e0faff985bc,4,12fa2bc8-2060-41f1-a8ce-0ad8dc7c31e6,26,4
66f5c855-572f-4003-8b41-8e0faff985bc,10,cff4ee54-8789-46e5-a995-15c0dea35275,22,93
66f5c855-572f-4003-8b41-8e0faff985bc,16,7ceb34df-c5cd-4a6d-bbbd-ba393535b9d2,26,46
66f5c855-572f-4003-8b41-8e0faff985bc,19,79463069-f838-4edd-9438-cdc4c95e75a2,3,9
daf13ebd-432e-4c97-adf3-9ba720bb8a0b,22,d372a3ee-4ff5-48df-a5f2-7da725570f5e,27,46
daf13ebd-432e-4c97-adf3-9ba720bb8a0b,6,a12b297c-6ca7-436c-8318-08b5a05e1eea,17,59
daf13ebd-432e-4c97-adf3-9ba720bb8a0b,19,7ceb34df-c5cd-4a6d-bbbd-ba393535b9d2,20,92
daf13ebd-432e-4c97-adf3-9ba720bb8a0b,10,fc70f172-e0d8-4202-a83b-a8d6cc75de10,26,97
daf13ebd-432e-4c97-adf3-9ba720bb8a0b,16,7ceb34df-c5cd-4a6d-bbbd-ba393535b9d2,2,41
4efe0682-f00b-489e-9c36-94d9cd05ddf8,22,0be1929c-a780-4078-9e98-6df4cf99c936,27,4
4efe0682-f00b-489e-9c36-94d9cd05ddf8,3,fc70f172-e0d8-4202-a83b-a8d6cc75de10,11,9
4efe0682-f00b-489e-9c36-94d9cd05ddf8,19,d372a3ee-4ff5-48df-a5f2-7da725570f5e,11,86
4efe0682-f00b-489e-9c36-94d9cd05ddf8,5,12fa2bc8-2060-41f1-a8ce-0ad8dc7c31e6,17,93
d7fab4cb-c3e3-4d46-9c67-57b79260221a,2,aec9a7a7-c8be-461b-8047-f0c97726edf1,2,62
d7fab4cb-c3e3-4d46-9c67-57b79260221a,22,fe8c95dc-f314-472c-a317-83d7bb76fbc9,2,9
d7fab4cb-c3e3-4d46-9c67-57b79260221a,18,fe8c95dc-f314-472c-a317-83d7bb76fbc9,2,47
c72a8b71-e0f0-461e-afa6-8039fde9d2c1,18,d3f82f56-4d74-4c26-a4c7-d20f153383cb,22,62
c72a8b71-e0f0-461e-afa6-8039fde9d2c1,19,fc70f172-e0d8-4202-a83b-a8d6cc75de10,22,41
c72a8b71-e0f0-461e-afa6-8039fde9d2c1,10,cff4ee54-8789-46e5-a995-15c0dea35275,27,97
d1839cb6-388c-423b-9ddd-bbf65f3dfa20,19,0be1929c-a780-4078-9e98-6df4cf99c936,3,92
d1839cb6-388c-423b-9ddd-bbf65f3dfa20,2,fe8c95dc-f314-472c-a317-83d7bb76fbc9,11,1
d1839cb6-388c-423b-9ddd-bbf65f3dfa20,11,79463069-f838-4edd-9438-cdc4c95e75a2,2,86
d1839cb6-388c-423b-9ddd-bbf65f3dfa20,11,a12b297c-6ca7-436c-8318-08b5a05e1eea,17,23
d1839cb6-388c-423b-9ddd-bbf65f3dfa20,2,12fa2bc8-2060-41f1-a8ce-0ad8dc7c31e6,17,32
10231bd1-fd78-41f2-adf3-289ad8a7eb95,22,0be1929c-a780-4078-9e98-6df4cf99c936,22,47
10231bd1-fd78-41f2-adf3-289ad8a7eb95,19,fe8c95dc-f314-472c-a317-83d7bb76fbc9,26,59
10231bd1-fd78-41f2-adf3-289ad8a7eb95,11,fe8c95dc-f314-472c-a317-83d7bb76fbc9,22,86
1d4ff360-2eb8-4206-b5a9-e6a494121e59,4,d3f82f56-4d74-4c26-a4c7-d20f153383cb,11,50
1d4ff360-2eb8-4206-b5a9-e6a494121e59,14,d372a3ee-4ff5-48df-a5f2-7da725570f5e,17,47
1d4ff360-2eb8-4206-b5a9-e6a494121e59,21,7ceb34df-c5cd-4a6d-bbbd-ba393535b9d2,17,62
1d4ff360-2eb8-4206-b5a9-e6a494121e59,2,0be1929c-a780-4078-9e98-6df4cf99c936,17,88
1d4ff360-2eb8-4206-b5a9-e6a494121e59,17,c8a0eed4-ccd5-46fc-8b97-64b89728d342,11,92
6dc87e63-e609-4e5b-a434-fc042bf07376,3,12fa2bc8-2060-41f1-a8ce-0ad8dc7c31e6,2,1
6dc87e63-e609-4e5b-a434-fc042bf07376,4,79463069-f838-4edd-9438-cdc4c95e75a2,22,58
6dc87e63-e609-4e5b-a434-fc042bf07376,21,12fa2bc8-2060-41f1-a8ce-0ad8dc7c31e6,17,86
b0ce0029-2e3a-4f51-b532-7fa1b1b10115,2,79463069-f838-4edd-9438-cdc4c95e75a2,2,50
b0ce0029-2e3a-4f51-b532-7fa1b1b10115,10,79463069-f838-4edd-9438-cdc4c95e75a2,26,32
b0ce0029-2e3a-4f51-b532-7fa1b1b10115,11,449de61b-f2b5-406f-8445-17b960996d0a,2,92
b0ce0029-2e3a-4f51-b532-7fa1b1b10115,16,aec9a7a7-c8be-461b-8047-f0c97726edf1,22,1
b0ce0029-2e3a-4f51-b532-7fa1b1b10115,21,7ceb34df-c5cd-4a6d-bbbd-ba393535b9d2,26,86
e72354f4-644e-4d4e-b401-b6d182ee71ee,2,fe8c95dc-f314-472c-a317-83d7bb76fbc9,22,50
e72354f4-644e-4d4e-b401-b6d182ee71ee,18,79463069-f838-4edd-9438-cdc4c95e75a2,17,41
e72354f4-644e-4d4e-b401-b6d182ee71ee,19,0be1929c-a780-4078-9e98-6df4cf99c936,26,23
7b5271a0-ce8b-498a-87ec-b2ab141d1868,19,d3f82f56-4d74-4c26-a4c7-d20f153383cb,27,23
7b5271a0-ce8b-498a-87ec-b2ab141d1868,18,aec9a7a7-c8be-461b-8047-f0c97726edf1,22,9
7b5271a0-ce8b-498a-87ec-b2ab141d1868,18,a12b297c-6ca7-436c-8318-08b5a05e1eea,26,62
7b5271a0-ce8b-498a-87ec-b2ab141d1868,17,d372a3ee-4ff5-48df-a5f2-7da725570f5e,27,32
be14e7b4-0922-42b7-8af5-776372eeb167,14,7ceb34df-c5cd-4a6d-bbbd-ba393535b9d2,17,58
be14e7b4-0922-42b7-8af5-776372eeb167,5,c8a0eed4-ccd5-46fc-8b97-64b89728d342,26,41
be14e7b4-0922-42b7-8af5-776372eeb167,3,fc70f172-e0d8-4202-a83b-a8d6cc75de10,27,62
586925a4-4efc-4b0a-b4ec-f3200e070623,21,c8a0eed4-ccd5-46fc-8b97-64b89728d342,26,17
586925a4-4efc-4b0a-b4ec-f3200e070623,3,0be1929c-a780-4078-9e98-6df4cf99c936,17,9
586925a4-4efc-4b0a-b4ec-f3200e070623,6,a12b297c-6ca7-436c-8318-08b5a05e1eea,26,88
99ad6641-b1c3-4217-8efe-afba5688d50e,18,0be1929c-a780-4078-9e98-6df4cf99c936,17,50
99ad6641-b1c3-4217-8efe-afba5688d50e,16,fe8c95dc-f314-472c-a317-83d7bb76fbc9,22,92
99ad6641-b1c3-4217-8efe-afba5688d50e,2,fc70f172-e0d8-4202-a83b-a8d6cc75de10,27,32
20bc7ab0-7504-4157-b98b-d16dd971e7de,16,d3f82f56-4d74-4c26-a4c7-d20f153383cb,17,92
20bc7ab0-7504-4157-b98b-d16dd971e7de,8,c8a0eed4-ccd5-46fc-8b97-64b89728d342,26,9
20bc7ab0-7504-4157-b98b-d16dd971e7de,10,fe8c95dc-f314-472c-a317-83d7bb76fbc9,20,88
86ea9bff-ac06-46f2-b0cf-c5ce4615ae5f,10,12fa2bc8-2060-41f1-a8ce-0ad8dc7c31e6,27,41
86ea9bff-ac06-46f2-b0cf-c5ce4615ae5f,17,fe8c95dc-f314-472c-a317-83d7bb76fbc9,27,41
86ea9bff-ac06-46f2-b0cf-c5ce4615ae5f,16,d3f82f56-4d74-4c26-a4c7-d20f153383cb,26,58
86ea9bff-ac06-46f2-b0cf-c5ce4615ae5f,22,0be1929c-a780-4078-9e98-6df4cf99c936,27,86
56ab3db9-7b4f-4e0e-86f3-28836841d086,16,12fa2bc8-2060-41f1-a8ce-0ad8dc7c31e6,27,9
56ab3db9-7b4f-4e0e-86f3-28836841d086,11,d372a3ee-4ff5-48df-a5f2-7da725570f5e,26,92
56ab3db9-7b4f-4e0e-86f3-28836841d086,21,aec9a7a7-c8be-461b-8047-f0c97726edf1,26,93
56ab3db9-7b4f-4e0e-86f3-28836841d086,4,a12b297c-6ca7-436c-8318-08b5a05e1eea,26,50
56ab3db9-7b4f-4e0e-86f3-28836841d086,2,cff4ee54-8789-46e5-a995-15c0dea35275,27,17
b3e1de6a-4932-46bf-a24d-7b2899bcb6e1,4,0be1929c-a780-4078-9e98-6df4cf99c936,27,59
b3e1de6a-4932-46bf-a24d-7b2899bcb6e1,3,d3f82f56-4d74-4c26-a4c7-d20f153383cb,26,47
b3e1de6a-4932-46bf-a24d-7b2899bcb6e1,22,79463069-f838-4edd-9438-cdc4c95e75a2,27,92
b3e1de6a-4932-46bf-a24d-7b2899bcb6e1,8,d3f82f56-4d74-4c26-a4c7-d20f153383cb,17,1
b3e1de6a-4932-46bf-a24d-7b2899bcb6e1,5,12fa2bc8-2060-41f1-a8ce-0ad8dc7c31e6,27,88
e40a60fa-ffb4-4348-9229-aa23bd95215d,18,aec9a7a7-c8be-461b-8047-f0c97726edf1,27,47
e40a60fa-ffb4-4348-9229-aa23bd95215d,21,fc70f172-e0d8-4202-a83b-a8d6cc75de10,2,17
e40a60fa-ffb4-4348-9229-aa23bd95215d,6,aec9a7a7-c8be-461b-8047-f0c97726edf1,17,93
cf3f4d4d-a2c5-40de-b227-ba02d28a3f7d,10,d372a3ee-4ff5-48df-a5f2-7da725570f5e,27,93
cf3f4d4d-a2c5-40de-b227-ba02d28a3f7d,5,449de61b-f2b5-406f-8445-17b960996d0a,26,1
cf3f4d4d-a2c5-40de-b227-ba02d28a3f7d,6,cff4ee54-8789-46e5-a995-15c0dea35275,27,50
ae4730ed-1a67-43c5-9371-f7d9838a9953,14,79463069-f838-4edd-9438-cdc4c95e75a2,26,92
ae4730ed-1a67-43c5-9371-f7d9838a9953,6,cff4ee54-8789-46e5-a995-15c0dea35275,27,58
ae4730ed-1a67-43c5-9371-f7d9838a9953,14,fe8c95dc-f314-472c-a317-83d7bb76fbc9,3,32
ae4730ed-1a67-43c5-9371-f7d9838a9953,3,0be1929c-a780-4078-9e98-6df4cf99c936,27,1
ae4730ed-1a67-43c5-9371-f7d9838a9953,8,79463069-f838-4edd-9438-cdc4c95e75a2,11,46
a65ec5fc-7038-4bb0-b359-f67684e7cef1,22,fe8c95dc-f314-472c-a317-83d7bb76fbc9,11,17
a65ec5fc-7038-4bb0-b359-f67684e7cef1,17,d372a3ee-4ff5-48df-a5f2-7da725570f5e,17,66
a65ec5fc-7038-4bb0-b359-f67684e7cef1,19,c8a0eed4-ccd5-46fc-8b97-64b89728d342,8,47
a65ec5fc-7038-4bb0-b359-f67684e7cef1,16,7ceb34df-c5cd-4a6d-bbbd-ba393535b9d2,20,86
663d21c8-93e6-4b03-9b3e-7fa5f8f044f9,19,c8a0eed4-ccd5-46fc-8b97-64b89728d342,22,4
663d21c8-93e6-4b03-9b3e-7fa5f8f044f9,11,0be1929c-a780-4078-9e98-6df4cf99c936,26,50
663d21c8-93e6-4b03-9b3e-7fa5f8f044f9,5,d372a3ee-4ff5-48df-a5f2-7da725570f5e,22,9
663d21c8-93e6-4b03-9b3e-7fa5f8f044f9,22,a12b297c-6ca7-436c-8318-08b5a05e1eea,26,93
5d32ba08-6835-4465-b15e-c3891e41e132,11,d3f82f56-4d74-4c26-a4c7-d20f153383cb,22,86
5d32ba08-6835-4465-b15e-c3891e41e132,19,7ceb34df-c5cd-4a6d-bbbd-ba393535b9d2,26,59
5d32ba08-6835-4465-b15e-c3891e41e132,2,79463069-f838-4edd-9438-cdc4c95e75a2,8,23
5d32ba08-6835-4465-b15e-c3891e41e132,6,7ceb34df-c5cd-4a6d-bbbd-ba393535b9d2,20,86
5d32ba08-6835-4465-b15e-c3891e41e132,18,a12b297c-6ca7-436c-8318-08b5a05e1eea,8,62
ebf36605-e8e7-4d94-8b87-c719c26990e9,10,12fa2bc8-2060-41f1-a8ce-0ad8dc7c31e6,20,7
ebf36605-e8e7-4d94-8b87-c719c26990e9,18,aec9a7a7-c8be-461b-8047-f0c97726edf1,26,66
ebf36605-e8e7-4d94-8b87-c719c26990e9,5,a12b297c-6ca7-436c-8318-08b5a05e1eea,3,88
ebf36605-e8e7-4d94-8b87-c719c26990e9,11,fe8c95dc-f314-472c-a317-83d7bb76fbc9,20,58
a85f581c-ae6a-41ba-9df1-71ea1b09167d,18,12fa2bc8-2060-41f1-a8ce-0ad8dc7c31e6,22,92
a85f581c-ae6a-41ba-9df1-71ea1b09167d,16,c8a0eed4-ccd5-46fc-8b97-64b89728d342,8,93
a85f581c-ae6a-41ba-9df1-71ea1b09167d,3,cff4ee54-8789-46e5-a995-15c0dea35275,2,97
a85f581c-ae6a-41ba-9df1-71ea1b09167d,10,d372a3ee-4ff5-48df-a5f2-7da725570f5e,11,41
17a59d06-8135-4371-8052-505c27a71ee1,6,fe8c95dc-f314-472c-a317-83d7bb76fbc9,26,59
17a59d06-8135-4371-8052-505c27a71ee1,21,449de61b-f2b5-406f-8445-17b960996d0a,20,97
17a59d06-8135-4371-8052-505c27a71ee1,5,aec9a7a7-c8be-461b-8047-f0c97726edf1,8,66
17a59d06-8135-4371-8052-505c27a71ee1,18,c8a0eed4-ccd5-46fc-8b97-64b89728d342,2,58
17a59d06-8135-4371-8052-505c27a71ee1,10,79463069-f838-4edd-9438-cdc4c95e75a2,20,92
523293a9-ff04-47e0-8107-9d2c1b76faa3,16,449de61b-f2b5-406f-8445-17b960996d0a,17,92
523293a9-ff04-47e0-8107-9d2c1b76faa3,14,79463069-f838-4edd-9438-cdc4c95e75a2,27,97
523293a9-ff04-47e0-8107-9d2c1b76faa3,3,fe8c95dc-f314-472c-a317-83d7bb76fbc9,26,4
523293a9-ff04-47e0-8107-9d2c1b76faa3,3,7ceb34df-c5cd-4a6d-bbbd-ba393535b9d2,20,32
67087b54-c5ad-449c-b560-3133b6b85dba,19,fc70f172-e0d8-4202-a83b-a8d6cc75de10,26,41
67087b54-c5ad-449c-b560-3133b6b85dba,14,7ceb34df-c5cd-4a6d-bbbd-ba393535b9d2,3,88
67087b54-c5ad-449c-b560-3133b6b85dba,22,fe8c95dc-f314-472c-a317-83d7bb76fbc9,27,17
8b4dc19a-0cb6-4acf-8ead-2145edc84cba,4,d372a3ee-4ff5-48df-a5f2-7da725570f5e,11,59
8b4dc19a-0cb6-4acf-8ead-2145edc84cba,5,449de61b-f2b5-406f-8445-17b960996d0a,2,62
8b4dc19a-0cb6-4acf-8ead-2145edc84cba,6,c8a0eed4-ccd5-46fc-8b97-64b89728d342,8,47
8b4dc19a-0cb6-4acf-8ead-2145edc84cba,17,cff4ee54-8789-46e5-a995-15c0dea35275,27,41
1104c2cb-e34d-453e-88d6-1e238ac59c8b,11,79463069-f838-4edd-9438-cdc4c95e75a2,2,46
1104c2cb-e34d-453e-88d6-1e238ac59c8b,16,fc70f172-e0d8-4202-a83b-a8d6cc75de10,3,58
1104c2cb-e34d-453e-88d6-1e238ac59c8b,2,7ceb34df-c5cd-4a6d-bbbd-ba393535b9d2,22,4
1b8fced6-522d-4596-9381-ec5b0fbdbfd5,18,12fa2bc8-2060-41f1-a8ce-0ad8dc7c31e6,22,58
1b8fced6-522d-4596-9381-ec5b0fbdbfd5,11,449de61b-f2b5-406f-8445-17b960996d0a,3,50
1b8fced6-522d-4596-9381-ec5b0fbdbfd5,22,79463069-f838-4edd-9438-cdc4c95e75a2,26,66
ea54f6a0-2ba6-44e6-9e9c-4ea569aba48d,3,7ceb34df-c5cd-4a6d-bbbd-ba393535b9d2,20,93
ea54f6a0-2ba6-44e6-9e9c-4ea569aba48d,5,0be1929c-a780-4078-9e98-6df4cf99c936,3,88
ea54f6a0-2ba6-44e6-9e9c-4ea569aba48d,16,0be1929c-a780-4078-9e98-6df4cf99c936,11,7
ea54f6a0-2ba6-44e6-9e9c-4ea569aba48d,3,fe8c95dc-f314-472c-a317-83d7bb76fbc9,20,7
ea54f6a0-2ba6-44e6-9e9c-4ea569aba48d,5,aec9a7a7-c8be-461b-8047-f0c97726edf1,3,17
30ca4078-eb71-4859-b072-54cd863c5803,14,d3f82f56-4d74-4c26-a4c7-d20f153383cb,2,1
30ca4078-eb71-4859-b072-54cd863c5803,4,fc70f172-e0d8-4202-a83b-a8d6cc75de10,27,58
30ca4078-eb71-4859-b072-54cd863c5803,6,a12b297c-6ca7-436c-8318-08b5a05e1eea,3,62
e52254d8-4128-442e-8965-d89ca62bd957,3,79463069-f838-4edd-9438-cdc4c95e75a2,8,41
e52254d8-4128-442e-8965-d89ca62bd957,4,c8a0eed4-ccd5-46fc-8b97-64b89728d342,20,1
e52254d8-4128-442e-8965-d89ca62bd957,16,a12b297c-6ca7-436c-8318-08b5a05e1eea,3,46
e52254d8-4128-442e-8965-d89ca62bd957,14,d372a3ee-4ff5-48df-a5f2-7da725570f5e,3,47
e52254d8-4128-442e-8965-d89ca62bd957,18,d372a3ee-4ff5-48df-a5f2-7da725570f5e,17,41
dfab75b4-805a-49cf-9a23-bd91d317b9e9,10,d3f82f56-4d74-4c26-a4c7-d20f153383cb,27,97
dfab75b4-805a-49cf-9a23-bd91d317b9e9,16,c8a0eed4-ccd5-46fc-8b97-64b89728d342,17,97
dfab75b4-805a-49cf-9a23-bd91d317b9e9,6,7ceb34df-c5cd-4a6d-bbbd-ba393535b9d2,27,62
ffaaff99-e665-44e8-a394-81c25f03b32b,21,a12b297c-6ca7-436c-8318-08b5a05e1eea,22,17
ffaaff99-e665-44e8-a394-81c25f03b32b,19,d3f82f56-4d74-4c26-a4c7-d20f153383cb,26,41
ffaaff99-e665-44e8-a394-81c25f03b32b,17,79463069-f838-4edd-9438-cdc4c95e75a2,20,4
ffaaff99-e665-44e8-a394-81c25f03b32b,5,12fa2bc8-2060-41f1-a8ce-0ad8dc7c31e6,27,62
3fc7fefd-0017-4616-bee2-de81bac0151f,17,0be1929c-a780-4078-9e98-6df4cf99c936,27,4
3fc7fefd-0017-4616-bee2-de81bac0151f,5,fe8c95dc-f314-472c-a317-83d7bb76fbc9,2,97
3fc7fefd-0017-4616-bee2-de81bac0151f,10,aec9a7a7-c8be-461b-8047-f0c97726edf1,22,41
3fc7fefd-0017-4616-bee2-de81bac0151f,21,7ceb34df-c5cd-4a6d-bbbd-ba393535b9d2,11,92
f3c94d23-7c6b-42bf-a1f4-7ed40f3d892b,19,fc70f172-e0d8-4202-a83b-a8d6cc75de10,22,88
f3c94d23-7c6b-42bf-a1f4-7ed40f3d892b,14,7ceb34df-c5cd-4a6d-bbbd-ba393535b9d2,3,93
f3c94d23-7c6b-42bf-a1f4-7ed40f3d892b,18,aec9a7a7-c8be-461b-8047-f0c97726edf1,22,62
7098e5e1-9cf0-4645-baf9-f336529703d8,10,d372a3ee-4ff5-48df-a5f2-7da725570f5e,11,93
7098e5e1-9cf0-4645-baf9-f336529703d8,2,d372a3ee-4ff5-48df-a5f2-7da725570f5e,8,92
7098e5e1-9cf0-4645-baf9-f336529703d8,2,a12b297c-6ca7-436c-8318-08b5a05e1eea,22,7
7098e5e1-9cf0-4645-baf9-f336529703d8,8,7ceb34df-c5cd-4a6d-bbbd-ba393535b9d2,22,92
82de1efd-3c7f-44fb-a073-153d9bc716df,2,7ceb34df-c5cd-4a6d-bbbd-ba393535b9d2,20,86
82de1efd-3c7f-44fb-a073-153d9bc716df,11,12fa2bc8-2060-41f1-a8ce-0ad8dc7c31e6,11,7
82de1efd-3c7f-44fb-a073-153d9bc716df,8,12fa2bc8-2060-41f1-a8ce-0ad8dc7c31e6,17,17
82de1efd-3c7f-44fb-a073-153d9bc716df,16,0be1929c-a780-4078-9e98-6df4cf99c936,27,88
768cb615-3dca-40ff-99ab-46d883a58296,19,fe8c95dc-f314-472c-a317-83d7bb76fbc9,17,93
768cb615-3dca-40ff-99ab-46d883a58296,8,12fa2bc8-2060-41f1-a8ce-0ad8dc7c31e6,26,62
768cb615-3dca-40ff-99ab-46d883a58296,16,a12b297c-6ca7-436c-8318-08b5a05e1eea,8,47
abcf8681-5eae-4fa6-8d71-4983f63b4e03,2,fc70f172-e0d8-4202-a83b-a8d6cc75de10,17,86
abcf8681-5eae-4fa6-8d71-4983f63b4e03,3,cff4ee54-8789-46e5-a995-15c0dea35275,27,9
abcf8681-5eae-4fa6-8d71-4983f63b4e03,4,a12b297c-6ca7-436c-8318-08b5a05e1eea,8,66
abcf8681-5eae-4fa6-8d71-4983f63b4e03,14,79463069-f838-4edd-9438-cdc4c95e75a2,22,41
abcf8681-5eae-4fa6-8d71-4983f63b4e03,11,0be1929c-a780-4078-9e98-6df4cf99c936,22,9
429a26d7-0252-4df8-ba10-f2642952b7d5,10,fe8c95dc-f314-472c-a317-83d7bb76fbc9,22,66
429a26d7-0252-4df8-ba10-f2642952b7d5,11,d3f82f56-4d74-4c26-a4c7-d20f153383cb,3,58
429a26d7-0252-4df8-ba10-f2642952b7d5,2,d372a3ee-4ff5-48df-a5f2-7da725570f5e,20,88
18c76596-a10a-4bc8-9a34-84b04c6ea1b4,21,fc70f172-e0d8-4202-a83b-a8d6cc75de10,11,50
18c76596-a10a-4bc8-9a34-84b04c6ea1b4,16,0be1929c-a780-4078-9e98-6df4cf99c936,17,9
18c76596-a10a-4bc8-9a34-84b04c6ea1b4,16,7ceb34df-c5cd-4a6d-bbbd-ba393535b9d2,26,1
18c76596-a10a-4bc8-9a34-84b04c6ea1b4,18,449de61b-f2b5-406f-8445-17b960996d0a,22,23
8c012dca-32ac-4bdc-8624-91ba9590f006,6,d372a3ee-4ff5-48df-a5f2-7da725570f5e,2,62
8c012dca-32ac-4bdc-8624-91ba9590f006,19,fe8c95dc-f314-472c-a317-83d7bb76fbc9,27,32
8c012dca-32ac-4bdc-8624-91ba9590f006,16,fe8c95dc-f314-472c-a317-83d7bb76fbc9,8,88
8c012dca-32ac-4bdc-8624-91ba9590f006,22,0be1929c-a780-4078-9e98-6df4cf99c936,20,41
8c012dca-32ac-4bdc-8624-91ba9590f006,5,79463069-f838-4edd-9438-cdc4c95e75a2,8,23
1239b18a-7f59-463e-a1bf-617ff9aca809,8,12fa2bc8-2060-41f1-a8ce-0ad8dc7c31e6,11,32
1239b18a-7f59-463e-a1bf-617ff9aca809,2,fe8c95dc-f314-472c-a317-83d7bb76fbc9,26,58
1239b18a-7f59-463e-a1bf-617ff9aca809,17,cff4ee54-8789-46e5-a995-15c0dea35275,26,97
1c791abe-0385-411c-96b1-53fd56cca68b,4,0be1929c-a780-4078-9e98-6df4cf99c936,2,58
1c791abe-0385-411c-96b1-53fd56cca68b,11,449de61b-f2b5-406f-8445-17b960996d0a,22,62
1c791abe-0385-411c-96b1-53fd56cca68b,19,fc70f172-e0d8-4202-a83b-a8d6cc75de10,22,92
1c791abe-0385-411c-96b1-53fd56cca68b,17,d372a3ee-4ff5-48df-a5f2-7da725570f5e,11,62
f4eea273-d80b-4068-b2b8-73a0020a9974,17,12fa2bc8-2060-41f1-a8ce-0ad8dc7c31e6,17,58
f4eea273-d80b-4068-b2b8-73a0020a9974,22,79463069-f838-4edd-9438-cdc4c95e75a2,17,62
f4eea273-d80b-4068-b2b8-73a0020a9974,3,7ceb34df-c5cd-4a6d-bbbd-ba393535b9d2,2,46
f4eea273-d80b-4068-b2b8-73a0020a9974,6,fc70f172-e0d8-4202-a83b-a8d6cc75de10,17,93
f4eea273-d80b-4068-b2b8-73a0020a9974,18,7ceb34df-c5cd-4a6d-bbbd-ba393535b9d2,3,97
d4a974a5-ea3b-4484-af3f-d6fa523084ef,6,449de61b-f2b5-406f-8445-17b960996d0a,3,50
d4a974a5-ea3b-4484-af3f-d6fa523084ef,3,12fa2bc8-2060-41f1-a8ce-0ad8dc7c31e6,8,4
d4a974a5-ea3b-4484-af3f-d6fa523084ef,2,0be1929c-a780-4078-9e98-6df4cf99c936,2,92
d4a974a5-ea3b-4484-af3f-d6fa523084ef,14,c8a0eed4-ccd5-46fc-8b97-64b89728d342,20,47
d4a974a5-ea3b-4484-af3f-d6fa523084ef,14,fe8c95dc-f314-472c-a317-83d7bb76fbc9,27,86
36f12183-2f21-4039-9644-7fbece91482a,5,d3f82f56-4d74-4c26-a4c7-d20f153383cb,17,62
36f12183-2f21-4039-9644-7fbece91482a,21,cff4ee54-8789-46e5-a995-15c0dea35275,17,32
36f12183-2f21-4039-9644-7fbece91482a,11,fe8c95dc-f314-472c-a317-83d7bb76fbc9,27,58
52baf9b8-f237-4bc1-a88a-825967828577,6,a12b297c-6ca7-436c-8318-08b5a05e1eea,20,92
52baf9b8-f237-4bc1-a88a-825967828577,5,79463069-f838-4edd-9438-cdc4c95e75a2,27,23
52baf9b8-f237-4bc1-a88a-825967828577,19,79463069-f838-4edd-9438-cdc4c95e75a2,17,23
52baf9b8-f237-4bc1-a88a-825967828577,4,fe8c95dc-f314-472c-a317-83d7bb76fbc9,22,46
207b1ffa-b70c-4704-a935-691854739dbd,14,12fa2bc8-2060-41f1-a8ce-0ad8dc7c31e6,22,9
207b1ffa-b70c-4704-a935-691854739dbd,22,a12b297c-6ca7-436c-8318-08b5a05e1eea,17,4
207b1ffa-b70c-4704-a935-691854739dbd,21,d372a3ee-4ff5-48df-a5f2-7da725570f5e,26,7
f2f06424-737b-4ec5-ab72-747cf5910d19,18,12fa2bc8-2060-41f1-a8ce-0ad8dc7c31e6,2,92
f2f06424-737b-4ec5-ab72-747cf5910d19,11,79463069-f838-4edd-9438-cdc4c95e75a2,3,9
f2f06424-737b-4ec5-ab72-747cf5910d19,18,449de61b-f2b5-406f-8445-17b960996d0a,3,23
ed783095-51ba-4a04-b837-b446697105e2,6,a12b297c-6ca7-436c-8318-08b5a05e1eea,26,93
ed783095-51ba-4a04-b837-b446697105e2,3,12fa2bc8-2060-41f1-a8ce-0ad8dc7c31e6,27,66
ed783095-51ba-4a04-b837-b446697105e2,8,7ceb34df-c5cd-4a6d-bbbd-ba393535b9d2,27,46
ed783095-51ba-4a04-b837-b446697105e2,22,449de61b-f2b5-406f-8445-17b960996d0a,3,62
ed783095-51ba-4a04-b837-b446697105e2,10,fc70f172-e0d8-4202-a83b-a8d6cc75de10,8,58
4a3022dd-e0b7-4d90-91db-a85e5e921627,11,d3f82f56-4d74-4c26-a4c7-d20f153383cb,2,9
4a3022dd-e0b7-4d90-91db-a85e5e921627,14,cff4ee54-8789-46e5-a995-15c0dea35275,26,58
4a3022dd-e0b7-4d90-91db-a85e5e921627,16,d3f82f56-4d74-4c26-a4c7-d20f153383cb,3,50
4a3022dd-e0b7-4d90-91db-a85e5e921627,3,d3f82f56-4d74-4c26-a4c7-d20f153383cb,11,93
4a3022dd-e0b7-4d90-91db-a85e5e921627,17,fc70f172-e0d8-4202-a83b-a8d6cc75de10,2,88
d58d263d-6f21-4a21-ad96-90c0f8d1970d,11,d372a3ee-4ff5-48df-a5f2-7da725570f5e,20,86
d58d263d-6f21-4a21-ad96-90c0f8d1970d,5,a12b297c-6ca7-436c-8318-08b5a05e1eea,20,97
d58d263d-6f21-4a21-ad96-90c0f8d1970d,17,fc70f172-e0d8-4202-a83b-a8d6cc75de10,3,50
8d4283af-48cd-497a-8e51-13d8a0e66459,18,a12b297c-6ca7-436c-8318-08b5a05e1eea,2,86
8d4283af-48cd-497a-8e51-13d8a0e66459,14,d372a3ee-4ff5-48df-a5f2-7da725570f5e,8,50
8d4283af-48cd-497a-8e51-13d8a0e66459,4,aec9a7a7-c8be-461b-8047-f0c97726edf1,17,88
8d4283af-48cd-497a-8e51-13d8a0e66459,21,449de61b-f2b5-406f-8445-17b960996d0a,27,1
8d4283af-48cd-497a-8e51-13d8a0e66459,22,7ceb34df-c5cd-4a6d-bbbd-ba393535b9d2,3,46
7c8370bf-5e65-47e5-bf1c-036035e3e6b2,11,cff4ee54-8789-46e5-a995-15c0dea35275,20,93
7c8370bf-5e65-47e5-bf1c-036035e3e6b2,2,12fa2bc8-2060-41f1-a8ce-0ad8dc7c31e6,2,58
7c8370bf-5e65-47e5-bf1c-036035e3e6b2,22,79463069-f838-4edd-9438-cdc4c95e75a2,11,32
7c8370bf-5e65-47e5-bf1c-036035e3e6b2,17,79463069-f838-4edd-9438-cdc4c95e75a2,17,62
7c8370bf-5e65-47e5-bf1c-036035e3e6b2,14,79463069-f838-4edd-9438-cdc4c95e75a2,26,97
6636945c-9bfe-42e6-9d37-904dce9f2985,5,449de61b-f2b5-406f-8445-17b960996d0a,27,9
6636945c-9bfe-42e6-9d37-904dce9f2985,2,fc70f172-e0d8-4202-a83b-a8d6cc75de10,22,86
6636945c-9bfe-42e6-9d37-904dce9f2985,14,79463069-f838-4edd-9438-cdc4c95e75a2,11,32
6636945c-9bfe-42e6-9d37-904dce9f2985,11,aec9a7a7-c8be-461b-8047-f0c97726edf1,3,1
6636945c-9bfe-42e6-9d37-904dce9f2985,6,fc70f172-e0d8-4202-a83b-a8d6cc75de10,2,41
f7059ce0-a1ad-45bc-ab30-0ab52db140cb,10,d3f82f56-4d74-4c26-a4c7-d20f153383cb,11,59
f7059ce0-a1ad-45bc-ab30-0ab52db140cb,8,d3f82f56-4d74-4c26-a4c7-d20f153383cb,27,4
f7059ce0-a1ad-45bc-ab30-0ab52db140cb,14,79463069-f838-4edd-9438-cdc4c95e75a2,17,47
f7059ce0-a1ad-45bc-ab30-0ab52db140cb,6,79463069-f838-4edd-9438-cdc4c95e75a2,22,62
9a301197-21c7-443f-acf6-146ed7fadbc6,3,cff4ee54-8789-46e5-a995-15c0dea35275,20,9
9a301197-21c7-443f-acf6-146ed7fadbc6,17,fc70f172-e0d8-4202-a83b-a8d6cc75de10,27,88
9a301197-21c7-443f-acf6-146ed7fadbc6,19,c8a0eed4-ccd5-46fc-8b97-64b89728d342,3,88
9a301197-21c7-443f-acf6-146ed7fadbc6,21,12fa2bc8-2060-41f1-a8ce-0ad8dc7c31e6,26,32
9a301197-21c7-443f-acf6-146ed7fadbc6,10,d3f82f56-4d74-4c26-a4c7-d20f153383cb,3,23
96995ebf-0c26-4fd4-8eb3-0a11e31c3206,14,d372a3ee-4ff5-48df-a5f2-7da725570f5e,22,32
96995ebf-0c26-4fd4-8eb3-0a11e31c3206,6,7ceb34df-c5cd-4a6d-bbbd-ba393535b9d2,2,88
96995ebf-0c26-4fd4-8eb3-0a11e31c3206,11,d3f82f56-4d74-4c26-a4c7-d20f153383cb,22,4
96995ebf-0c26-4fd4-8eb3-0a11e31c3206,16,cff4ee54-8789-46e5-a995-15c0dea35275,3,93
b02faedb-5618-4cff-b2c2-972c7d769b66,21,fe8c95dc-f314-472c-a317-83d7bb76fbc9,17,59
b02faedb-5618-4cff-b2c2-972c7d769b66,6,d372a3ee-4ff5-48df-a5f2-7da725570f5e,3,17
b02faedb-5618-4cff-b2c2-972c7d769b66,18,12fa2bc8-2060-41f1-a8ce-0ad8dc7c31e6,20,88
b02faedb-5618-4cff-b2c2-972c7d769b66,3,c8a0eed4-ccd5-46fc-8b97-64b89728d342,27,1
b02faedb-5618-4cff-b2c2-972c7d769b66,3,d3f82f56-4d74-4c26-a4c7-d20f153383cb,20,97
8f4ba933-a52d-4d01-ac8e-4531a672e3fd,5,0be1929c-a780-4078-9e98-6df4cf99c936,26,1
8f4ba933-a52d-4d01-ac8e-4531a672e3fd,10,449de61b-f2b5-406f-8445-17b960996d0a,22,88
8f4ba933-a52d-4d01-ac8e-4531a672e3fd,14,a12b297c-6ca7-436c-8318-08b5a05e1eea,17,4
8f4ba933-a52d-4d01-ac8e-4531a672e3fd,4,fe8c95dc-f314-472c-a317-83d7bb76fbc9,20,50
8f4ba933-a52d-4d01-ac8e-4531a672e3fd,8,d3f82f56-4d74-4c26-a4c7-d20f153383cb,8,50
a25439e7-2241-49a9-8b5c-808193506fbd,14,0be1929c-a780-4078-9e98-6df4cf99c936,27,46
a25439e7-2241-49a9-8b5c-808193506fbd,10,12fa2bc8-2060-41f1-a8ce-0ad8dc7c31e6,2,23
a25439e7-2241-49a9-8b5c-808193506fbd,17,fc70f172-e0d8-4202-a83b-a8d6cc75de10,3,50
a25439e7-2241-49a9-8b5c-808193506fbd,19,449de61b-f2b5-406f-8445-17b960996d0a,22,93
30bfc3d7-b530-4e5d-848a-50ed0865cf3f,4,fc70f172-e0d8-4202-a83b-a8d6cc75de10,26,4
30bfc3d7-b530-4e5d-848a-50ed0865cf3f,21,c8a0eed4-ccd5-46fc-8b97-64b89728d342,22,9
30bfc3d7-b530-4e5d-848a-50ed0865cf3f,11,79463069-f838-4edd-9438-cdc4c95e75a2,17,88
266357a1-2140-429f-b3e9-e03cb208272b,2,d372a3ee-4ff5-48df-a5f2-7da725570f5e,22,62
266357a1-2140-429f-b3e9-e03cb208272b,11,a12b297c-6ca7-436c-8318-08b5a05e1eea,11,58
266357a1-2140-429f-b3e9-e03cb208272b,2,12fa2bc8-2060-41f1-a8ce-0ad8dc7c31e6,8,88
266357a1-2140-429f-b3e9-e03cb208272b,4,7ceb34df-c5cd-4a6d-bbbd-ba393535b9d2,17,1
266357a1-2140-429f-b3e9-e03cb208272b,11,12fa2bc8-2060-41f1-a8ce-0ad8dc7c31e6,11,59
948c5a44-ae1e-4f43-ba1c-d1b25c726eff,16,7ceb34df-c5cd-4a6d-bbbd-ba393535b9d2,26,17
948c5a44-ae1e-4f43-ba1c-d1b25c726eff,3,12fa2bc8-2060-41f1-a8ce-0ad8dc7c31e6,2,59
948c5a44-ae1e-4f43-ba1c-d1b25c726eff,22,a12b297c-6ca7-436c-8318-08b5a05e1eea,3,86
1f586e7a-c4cb-4db9-97af-71bd2a40a6bf,14,cff4ee54-8789-46e5-a995-15c0dea35275,3,93
1f586e7a-c4cb-4db9-97af-71bd2a40a6bf,5,12fa2bc8-2060-41f1-a8ce-0ad8dc7c31e6,3,50
1f586e7a-c4cb-4db9-97af-71bd2a40a6bf,18,12fa2bc8-2060-41f1-a8ce-0ad8dc7c31e6,22,88
3af01804-6c47-4b04-a4bc-a254f239aed4,8,a12b297c-6ca7-436c-8318-08b5a05e1eea,20,7
3af01804-6c47-4b04-a4bc-a254f239aed4,4,79463069-f838-4edd-9438-cdc4c95e75a2,3,50
3af01804-6c47-4b04-a4bc-a254f239aed4,22,fe8c95dc-f314-472c-a317-83d7bb76fbc9,17,66
bfbf81e7-b51b-485a-b299-1abd387830ad,2,c8a0eed4-ccd5-46fc-8b97-64b89728d342,11,7
bfbf81e7-b51b-485a-b299-1abd387830ad,11,aec9a7a7-c8be-461b-8047-f0c97726edf1,17,62
bfbf81e7-b51b-485a-b299-1abd387830ad,17,d3f82f56-4d74-4c26-a4c7-d20f153383cb,17,88
bfbf81e7-b51b-485a-b299-1abd387830ad,3,d372a3ee-4ff5-48df-a5f2-7da725570f5e,8,4
983b3f47-c5db-4c64-9dd6-1e275f5dad75,18,d372a3ee-4ff5-48df-a5f2-7da725570f5e,2,66
983b3f47-c5db-4c64-9dd6-1e275f5dad75,2,0be1929c-a780-4078-9e98-6df4cf99c936,2,47
983b3f47-c5db-4c64-9dd6-1e275f5dad75,19,aec9a7a7-c8be-461b-8047-f0c97726edf1,11,58
983b3f47-c5db-4c64-9dd6-1e275f5dad75,3,d372a3ee-4ff5-48df-a5f2-7da725570f5e,3,50
983b3f47-c5db-4c64-9dd6-1e275f5dad75,4,aec9a7a7-c8be-461b-8047-f0c97726edf1,20,88
326d6071-13eb-48e3-a1ff-81eeb3c68d63,14,7ceb34df-c5cd-4a6d-bbbd-ba393535b9d2,26,62
326d6071-13eb-48e3-a1ff-81eeb3c68d63,11,7ceb34df-c5cd-4a6d-bbbd-ba393535b9d2,11,66
326d6071-13eb-48e3-a1ff-81eeb3c68d63,2,d372a3ee-4ff5-48df-a5f2-7da725570f5e,26,93
54831ed8-6b40-4000-b68e-80c1bc8d948b,21,a12b297c-6ca7-436c-8318-08b5a05e1eea,26,7
54831ed8-6b40-4000-b68e-80c1bc8d948b,2,449de61b-f2b5-406f-8445-17b960996d0a,2,23
54831ed8-6b40-4000-b68e-80c1bc8d948b,11,7ceb34df-c5cd-4a6d-bbbd-ba393535b9d2,2,23
0067feff-454e-447e-b0c2-b9835eab7dac,10,79463069-f838-4edd-9438-cdc4c95e75a2,26,62
0067feff-454e-447e-b0c2-b9835eab7dac,5,d3f82f56-4d74-4c26-a4c7-d20f153383cb,2,4
0067feff-454e-447e-b0c2-b9835eab7dac,11,fc70f172-e0d8-4202-a83b-a8d6cc75de10,17,17
4b2c6efd-bc91-42bf-a122-eb34153446d9,14,cff4ee54-8789-46e5-a995-15c0dea35275,8,97
4b2c6efd-bc91-42bf-a122-eb34153446d9,3,449de61b-f2b5-406f-8445-17b960996d0a,22,88
4b2c6efd-bc91-42bf-a122-eb34153446d9,5,fc70f172-e0d8-4202-a83b-a8d6cc75de10,3,88
8b3e984c-eea5-4435-b975-f2313f8855c9,3,d372a3ee-4ff5-48df-a5f2-7da725570f5e,22,4
8b3e984c-eea5-4435-b975-f2313f8855c9,5,449de61b-f2b5-406f-8445-17b960996d0a,26,23
8b3e984c-eea5-4435-b975-f2313f8855c9,22,79463069-f838-4edd-9438-cdc4c95e75a2,3,32
92f44f5b-08ad-44d7-a377-e0ab91955b6a,22,aec9a7a7-c8be-461b-8047-f0c97726edf1,27,47
92f44f5b-08ad-44d7-a377-e0ab91955b6a,4,449de61b-f2b5-406f-8445-17b960996d0a,17,32
92f44f5b-08ad-44d7-a377-e0ab91955b6a,21,79463069-f838-4edd-9438-cdc4c95e75a2,8,1
92f44f5b-08ad-44d7-a377-e0ab91955b6a,22,a12b297c-6ca7-436c-8318-08b5a05e1eea,3,93
8bff88b5-09da-442e-b819-1d52ca1b4f64,16,0be1929c-a780-4078-9e98-6df4cf99c936,2,1
8bff88b5-09da-442e-b819-1d52ca1b4f64,17,0be1929c-a780-4078-9e98-6df4cf99c936,11,97
8bff88b5-09da-442e-b819-1d52ca1b4f64,2,aec9a7a7-c8be-461b-8047-f0c97726edf1,27,1
8bff88b5-09da-442e-b819-1d52ca1b4f64,17,449de61b-f2b5-406f-8445-17b960996d0a,27,47
8bff88b5-09da-442e-b819-1d52ca1b4f64,14,0be1929c-a780-4078-9e98-6df4cf99c936,22,50
d8e0eb70-2991-4da1-8185-1e83fe08c4ce,11,a12b297c-6ca7-436c-8318-08b5a05e1eea,8,4
d8e0eb70-2991-4da1-8185-1e83fe08c4ce,21,449de61b-f2b5-406f-8445-17b960996d0a,17,4
d8e0eb70-2991-4da1-8185-1e83fe08c4ce,21,12fa2bc8-2060-41f1-a8ce-0ad8dc7c31e6,27,17
d8e0eb70-2991-4da1-8185-1e83fe08c4ce,10,12fa2bc8-2060-41f1-a8ce-0ad8dc7c31e6,8,88
d8e0eb70-2991-4da1-8185-1e83fe08c4ce,18,7ceb34df-c5cd-4a6d-bbbd-ba393535b9d2,3,59
d8f37c76-2b98-4b47-a383-c74daff28289,22,cff4ee54-8789-46e5-a995-15c0dea35275,27,88
d8f37c76-2b98-4b47-a383-c74daff28289,11,0be1929c-a780-4078-9e98-6df4cf99c936,17,7
d8f37c76-2b98-4b47-a383-c74daff28289,4,fc70f172-e0d8-4202-a83b-a8d6cc75de10,8,66
d8f37c76-2b98-4b47-a383-c74daff28289,3,fc70f172-e0d8-4202-a83b-a8d6cc75de10,11,59
d8f37c76-2b98-4b47-a383-c74daff28289,14,0be1929c-a780-4078-9e98-6df4cf99c936,17,92
a05778cc-24d2-4eb5-a8af-1844ac77c006,16,fe8c95dc-f314-472c-a317-83d7bb76fbc9,26,50
a05778cc-24d2-4eb5-a8af-1844ac77c006,4,7ceb34df-c5cd-4a6d-bbbd-ba393535b9d2,2,58
a05778cc-24d2-4eb5-a8af-1844ac77c006,19,fc70f172-e0d8-4202-a83b-a8d6cc75de10,3,4
34b71cb8-0448-47e0-873d-467afd53d581,11,a12b297c-6ca7-436c-8318-08b5a05e1eea,20,86
34b71cb8-0448-47e0-873d-467afd53d581,19,c8a0eed4-ccd5-46fc-8b97-64b89728d342,8,17
34b71cb8-0448-47e0-873d-467afd53d581,18,fe8c95dc-f314-472c-a317-83d7bb76fbc9,26,50
34b71cb8-0448-47e0-873d-467afd53d581,2,7ceb34df-c5cd-4a6d-bbbd-ba393535b9d2,8,47
34b71cb8-0448-47e0-873d-467afd53d581,8,79463069-f838-4edd-9438-cdc4c95e75a2,17,23
19a721ad-a7ea-4f0c-aaa4-7ac099b46a91,11,fc70f172-e0d8-4202-a83b-a8d6cc75de10,17,1
19a721ad-a7ea-4f0c-aaa4-7ac099b46a91,18,fe8c95dc-f314-472c-a317-83d7bb76fbc9,22,7
19a721ad-a7ea-4f0c-aaa4-7ac099b46a91,5,7ceb34df-c5cd-4a6d-bbbd-ba393535b9d2,22,23
19a721ad-a7ea-4f0c-aaa4-7ac099b46a91,4,d3f82f56-4d74-4c26-a4c7-d20f153383cb,17,32
19a721ad-a7ea-4f0c-aaa4-7ac099b46a91,2,449de61b-f2b5-406f-8445-17b960996d0a,2,46
c40653dc-b889-4666-acf8-0dc9adbe7def,6,12fa2bc8-2060-41f1-a8ce-0ad8dc7c31e6,22,41
c40653dc-b889-4666-acf8-0dc9adbe7def,21,79463069-f838-4edd-9438-cdc4c95e75a2,2,9
c40653dc-b889-4666-acf8-0dc9adbe7def,10,79463069-f838-4edd-9438-cdc4c95e75a2,22,97
c40653dc-b889-4666-acf8-0dc9adbe7def,14,fc70f172-e0d8-4202-a83b-a8d6cc75de10,11,23
c40653dc-b889-4666-acf8-0dc9adbe7def,4,449de61b-f2b5-406f-8445-17b960996d0a,27,23
4ea9609b-72b5-4d52-a2d2-74895ac2f842,3,d3f82f56-4d74-4c26-a4c7-d20f153383cb,20,1
4ea9609b-72b5-4d52-a2d2-74895ac2f842,16,a12b297c-6ca7-436c-8318-08b5a05e1eea,3,46
4ea9609b-72b5-4d52-a2d2-74895ac2f842,18,79463069-f838-4edd-9438-cdc4c95e75a2,26,46
1c9ba262-b1c7-4c34-b0ae-616ef2bf3fd4,5,12fa2bc8-2060-41f1-a8ce-0ad8dc7c31e6,3,17
1c9ba262-b1c7-4c34-b0ae-616ef2bf3fd4,5,fe8c95dc-f314-472c-a317-83d7bb76fbc9,11,93
1c9ba262-b1c7-4c34-b0ae-616ef2bf3fd4,21,aec9a7a7-c8be-461b-8047-f0c97726edf1,3,66
156c9f68-12ec-4e40-8f50-879291e6f948,11,12fa2bc8-2060-41f1-a8ce-0ad8dc7c31e6,27,47
156c9f68-12ec-4e40-8f50-879291e6f948,21,fc70f172-e0d8-4202-a83b-a8d6cc75de10,26,47
156c9f68-12ec-4e40-8f50-879291e6f948,14,aec9a7a7-c8be-461b-8047-f0c97726edf1,11,59
156c9f68-12ec-4e40-8f50-879291e6f948,10,d372a3ee-4ff5-48df-a5f2-7da725570f5e,17,88
156c9f68-12ec-4e40-8f50-879291e6f948,11,0be1929c-a780-4078-9e98-6df4cf99c936,17,46
3c2cee83-56b9-4cb3-9775-f0a6f1f2b503,6,cff4ee54-8789-46e5-a995-15c0dea35275,8,92
3c2cee83-56b9-4cb3-9775-f0a6f1f2b503,16,d3f82f56-4d74-4c26-a4c7-d20f153383cb,8,23
3c2cee83-56b9-4cb3-9775-f0a6f1f2b503,14,c8a0eed4-ccd5-46fc-8b97-64b89728d342,22,66
5a570849-3249-4bf0-8f9f-404ae9497833,6,12fa2bc8-2060-41f1-a8ce-0ad8dc7c31e6,11,41
5a570849-3249-4bf0-8f9f-404ae9497833,5,aec9a7a7-c8be-461b-8047-f0c97726edf1,17,46
5a570849-3249-4bf0-8f9f-404ae9497833,3,a12b297c-6ca7-436c-8318-08b5a05e1eea,26,66
5a570849-3249-4bf0-8f9f-404ae9497833,4,449de61b-f2b5-406f-8445-17b960996d0a,11,7
c745c6e0-93fa-409d-ab04-f2d9e68485b9,22,d372a3ee-4ff5-48df-a5f2-7da725570f5e,11,32
c745c6e0-93fa-409d-ab04-f2d9e68485b9,3,12fa2bc8-2060-41f1-a8ce-0ad8dc7c31e6,3,4
c745c6e0-93fa-409d-ab04-f2d9e68485b9,2,d3f82f56-4d74-4c26-a4c7-d20f153383cb,2,46
621da647-1fbd-48b4-a3aa-7e40d96b75db,16,79463069-f838-4edd-9438-cdc4c95e75a2,27,7
621da647-1fbd-48b4-a3aa-7e40d96b75db,18,d372a3ee-4ff5-48df-a5f2-7da725570f5e,8,66
621da647-1fbd-48b4-a3aa-7e40d96b75db,8,0be1929c-a780-4078-9e98-6df4cf99c936,22,86
621da647-1fbd-48b4-a3aa-7e40d96b75db,16,fe8c95dc-f314-472c-a317-83d7bb76fbc9,3,62
621da647-1fbd-48b4-a3aa-7e40d96b75db,19,aec9a7a7-c8be-461b-8047-f0c97726edf1,2,47
ffa4dcb4-8f5b-4523-bc08-7cc8e8cf655f,3,12fa2bc8-2060-41f1-a8ce-0ad8dc7c31e6,11,47
ffa4dcb4-8f5b-4523-bc08-7cc8e8cf655f,18,d372a3ee-4ff5-48df-a5f2-7da725570f5e,17,4
ffa4dcb4-8f5b-4523-bc08-7cc8e8cf655f,16,aec9a7a7-c8be-461b-8047-f0c97726edf1,27,93
55ec6780-55db-4685-8bfc-b9ad0659ba32,11,a12b297c-6ca7-436c-8318-08b5a05e1eea,17,23
55ec6780-55db-4685-8bfc-b9ad0659ba32,3,d372a3ee-4ff5-48df-a5f2-7da725570f5e,22,58
55ec6780-55db-4685-8bfc-b9ad0659ba32,8,c8a0eed4-ccd5-46fc-8b97-64b89728d342,2,4
090fc95d-9364-4065-a73e-5cb8a35c9b31,22,c8a0eed4-ccd5-46fc-8b97-64b89728d342,11,86
090fc95d-9364-4065-a73e-5cb8a35c9b31,4,fe8c95dc-f314-472c-a317-83d7bb76fbc9,20,86
090fc95d-9364-4065-a73e-5cb8a35c9b31,17,a12b297c-6ca7-436c-8318-08b5a05e1eea,22,32
2fee8675-6bd8-464e-82fc-0a50ef8f0f0a,18,79463069-f838-4edd-9438-cdc4c95e75a2,22,62
2fee8675-6bd8-464e-82fc-0a50ef8f0f0a,4,a12b297c-6ca7-436c-8318-08b5a05e1eea,2,93
2fee8675-6bd8-464e-82fc-0a50ef8f0f0a,2,c8a0eed4-ccd5-46fc-8b97-64b89728d342,8,32
2fee8675-6bd8-464e-82fc-0a50ef8f0f0a,21,fe8c95dc-f314-472c-a317-83d7bb76fbc9,17,93
02f39809-13a7-4d94-82d4-fa973b5ac31c,3,c8a0eed4-ccd5-46fc-8b97-64b89728d342,17,41
02f39809-13a7-4d94-82d4-fa973b5ac31c,18,a12b297c-6ca7-436c-8318-08b5a05e1eea,26,66
02f39809-13a7-4d94-82d4-fa973b5ac31c,6,a12b297c-6ca7-436c-8318-08b5a05e1eea,27,93
02f39809-13a7-4d94-82d4-fa973b5ac31c,4,0be1929c-a780-4078-9e98-6df4cf99c936,11,17
02f39809-13a7-4d94-82d4-fa973b5ac31c,14,c8a0eed4-ccd5-46fc-8b97-64b89728d342,26,9
2480c53c-7fc8-43aa-9e2b-3f74f952c402,22,d372a3ee-4ff5-48df-a5f2-7da725570f5e,22,17
2480c53c-7fc8-43aa-9e2b-3f74f952c402,6,a12b297c-6ca7-436c-8318-08b5a05e1eea,22,46
2480c53c-7fc8-43aa-9e2b-3f74f952c402,8,d3f82f56-4d74-4c26-a4c7-d20f153383cb,22,4
2480c53c-7fc8-43aa-9e2b-3f74f952c402,8,7ceb34df-c5cd-4a6d-bbbd-ba393535b9d2,2,9
2480c53c-7fc8-43aa-9e2b-3f74f952c402,3,d3f82f56-4d74-4c26-a4c7-d20f153383cb,3,47
faad9dc2-3805-4fae-87e0-a04921b250ea,14,449de61b-f2b5-406f-8445-17b960996d0a,11,97
faad9dc2-3805-4fae-87e0-a04921b250ea,21,a12b297c-6ca7-436c-8318-08b5a05e1eea,3,97
faad9dc2-3805-4fae-87e0-a04921b250ea,3,fc70f172-e0d8-4202-a83b-a8d6cc75de10,27,92
faad9dc2-3805-4fae-87e0-a04921b250ea,6,12fa2bc8-2060-41f1-a8ce-0ad8dc7c31e6,2,88
faad9dc2-3805-4fae-87e0-a04921b250ea,8,a12b297c-6ca7-436c-8318-08b5a05e1eea,20,1
d5c591b0-6042-40a4-985a-c15123d9b1de,2,cff4ee54-8789-46e5-a995-15c0dea35275,26,41
d5c591b0-6042-40a4-985a-c15123d9b1de,21,7ceb34df-c5cd-4a6d-bbbd-ba393535b9d2,3,58
d5c591b0-6042-40a4-985a-c15123d9b1de,6,449de61b-f2b5-406f-8445-17b960996d0a,20,47
5e4f2139-1ef8-4f8c-b0d1-578f90511aa4,17,aec9a7a7-c8be-461b-8047-f0c97726edf1,11,59
5e4f2139-1ef8-4f8c-b0d1-578f90511aa4,14,d372a3ee-4ff5-48df-a5f2-7da725570f5e,20,41
5e4f2139-1ef8-4f8c-b0d1-578f90511aa4,22,d372a3ee-4ff5-48df-a5f2-7da725570f5e,8,88
87024e63-add1-4d98-acce-a8bc4efc8786,2,0be1929c-a780-4078-9e98-6df4cf99c936,2,46
87024e63-add1-4d98-acce-a8bc4efc8786,5,fc70f172-e0d8-4202-a83b-a8d6cc75de10,17,46
87024e63-add1-4d98-acce-a8bc4efc8786,4,aec9a7a7-c8be-461b-8047-f0c97726edf1,17,46
3caa7ed5-9e5e-43d9-a580-c13dfdf59904,16,fe8c95dc-f314-472c-a317-83d7bb76fbc9,8,17
3caa7ed5-9e5e-43d9-a580-c13dfdf59904,21,79463069-f838-4edd-9438-cdc4c95e75a2,11,17
3caa7ed5-9e5e-43d9-a580-c13dfdf59904,17,d3f82f56-4d74-4c26-a4c7-d20f153383cb,2,47
a6610dc6-da72-4dd5-8bd8-440fbed58afa,19,d372a3ee-4ff5-48df-a5f2-7da725570f5e,8,32
a6610dc6-da72-4dd5-8bd8-440fbed58afa,3,c8a0eed4-ccd5-46fc-8b97-64b89728d342,2,32
a6610dc6-da72-4dd5-8bd8-440fbed58afa,4,12fa2bc8-2060-41f1-a8ce-0ad8dc7c31e6,2,92
a6610dc6-da72-4dd5-8bd8-440fbed58afa,18,cff4ee54-8789-46e5-a995-15c0dea35275,17,93
a6610dc6-da72-4dd5-8bd8-440fbed58afa,2,cff4ee54-8789-46e5-a995-15c0dea35275,3,46
a7328aaa-5dfb-4640-8f92-c18473ac5191,18,79463069-f838-4edd-9438-cdc4c95e75a2,8,47
a7328aaa-5dfb-4640-8f92-c18473ac5191,8,12fa2bc8-2060-41f1-a8ce-0ad8dc7c31e6,22,4
a7328aaa-5dfb-4640-8f92-c18473ac5191,4,7ceb34df-c5cd-4a6d-bbbd-ba393535b9d2,2,1
89d769bd-5aab-4601-94d5-190c54eb75f0,16,79463069-f838-4edd-9438-cdc4c95e75a2,17,92
89d769bd-5aab-4601-94d5-190c54eb75f0,4,7ceb34df-c5cd-4a6d-bbbd-ba393535b9d2,20,93
89d769bd-5aab-4601-94d5-190c54eb75f0,14,d3f82f56-4d74-4c26-a4c7-d20f153383cb,3,23
89d769bd-5aab-4601-94d5-190c54eb75f0,22,0be1929c-a780-4078-9e98-6df4cf99c936,3,66
89d769bd-5aab-4601-94d5-190c54eb75f0,17,7ceb34df-c5cd-4a6d-bbbd-ba393535b9d2,20,7
a7d52006-4f86-4267-915b-a8f615e7bea1,10,d372a3ee-4ff5-48df-a5f2-7da725570f5e,17,97
a7d52006-4f86-4267-915b-a8f615e7bea1,6,fe8c95dc-f314-472c-a317-83d7bb76fbc9,17,1
a7d52006-4f86-4267-915b-a8f615e7bea1,3,12fa2bc8-2060-41f1-a8ce-0ad8dc7c31e6,11,9
a7d52006-4f86-4267-915b-a8f615e7bea1,14,c8a0eed4-ccd5-46fc-8b97-64b89728d342,17,32
aee7752d-369b-4c84-91b5-f9c0c00ee058,3,7ceb34df-c5cd-4a6d-bbbd-ba393535b9d2,20,4
aee7752d-369b-4c84-91b5-f9c0c00ee058,22,fe8c95dc-f314-472c-a317-83d7bb76fbc9,26,47
aee7752d-369b-4c84-91b5-f9c0c00ee058,4,79463069-f838-4edd-9438-cdc4c95e75a2,2,23
aee7752d-369b-4c84-91b5-f9c0c00ee058,3,fc70f172-e0d8-4202-a83b-a8d6cc75de10,27,59
aee7752d-369b-4c84-91b5-f9c0c00ee058,4,fc70f172-e0d8-4202-a83b-a8d6cc75de10,27,23
b6fe8cab-92bd-4c55-8041-afaa4475b1f0,2,fc70f172-e0d8-4202-a83b-a8d6cc75de10,8,23
b6fe8cab-92bd-4c55-8041-afaa4475b1f0,16,d372a3ee-4ff5-48df-a5f2-7da725570f5e,20,92
b6fe8cab-92bd-4c55-8041-afaa4475b1f0,18,d372a3ee-4ff5-48df-a5f2-7da725570f5e,11,92
b6fe8cab-92bd-4c55-8041-afaa4475b1f0,10,7ceb34df-c5cd-4a6d-bbbd-ba393535b9d2,3,66
fc00b72d-95af-4a83-8c1f-1b7313a01a11,5,fc70f172-e0d8-4202-a83b-a8d6cc75de10,17,62
fc00b72d-95af-4a83-8c1f-1b7313a01a11,2,7ceb34df-c5cd-4a6d-bbbd-ba393535b9d2,3,50
fc00b72d-95af-4a83-8c1f-1b7313a01a11,18,449de61b-f2b5-406f-8445-17b960996d0a,26,50
cb07514c-aa33-4706-a32b-76dd37e3307f,14,fe8c95dc-f314-472c-a317-83d7bb76fbc9,17,59
cb07514c-aa33-4706-a32b-76dd37e3307f,3,cff4ee54-8789-46e5-a995-15c0dea35275,3,32
cb07514c-aa33-4706-a32b-76dd37e3307f,2,d3f82f56-4d74-4c26-a4c7-d20f153383cb,11,59
cb07514c-aa33-4706-a32b-76dd37e3307f,10,aec9a7a7-c8be-461b-8047-f0c97726edf1,17,17
cb07514c-aa33-4706-a32b-76dd37e3307f,19,fe8c95dc-f314-472c-a317-83d7bb76fbc9,20,17
1909f674-1007-4874-ade8-2670bb00ef08,4,fc70f172-e0d8-4202-a83b-a8d6cc75de10,11,4
1909f674-1007-4874-ade8-2670bb00ef08,16,c8a0eed4-ccd5-46fc-8b97-64b89728d342,11,50
1909f674-1007-4874-ade8-2670bb00ef08,14,cff4ee54-8789-46e5-a995-15c0dea35275,20,46
1909f674-1007-4874-ade8-2670bb00ef08,19,7ceb34df-c5cd-4a6d-bbbd-ba393535b9d2,17,88
15d10641-e39c-4bfb-a32e-9233155b268d,11,fc70f172-e0d8-4202-a83b-a8d6cc75de10,8,93
15d10641-e39c-4bfb-a32e-9233155b268d,4,d372a3ee-4ff5-48df-a5f2-7da725570f5e,22,17
15d10641-e39c-4bfb-a32e-9233155b268d,16,12fa2bc8-2060-41f1-a8ce-0ad8dc7c31e6,26,58
15d10641-e39c-4bfb-a32e-9233155b268d,14,fc70f172-e0d8-4202-a83b-a8d6cc75de10,17,47
15d10641-e39c-4bfb-a32e-9233155b268d,19,0be1929c-a780-4078-9e98-6df4cf99c936,2,93
73e2fa41-eab8-48b7-9b40-e7b501e70957,8,fe8c95dc-f314-472c-a317-83d7bb76fbc9,8,9
73e2fa41-eab8-48b7-9b40-e7b501e70957,16,fe8c95dc-f314-472c-a317-83d7bb76fbc9,17,47
73e2fa41-eab8-48b7-9b40-e7b501e70957,17,fc70f172-e0d8-4202-a83b-a8d6cc75de10,20,46
d66ade74-91b3-414c-926d-a68ce4bf028c,4,fc70f172-e0d8-4202-a83b-a8d6cc75de10,11,47
d66ade74-91b3-414c-926d-a68ce4bf028c,8,7ceb34df-c5cd-4a6d-bbbd-ba393535b9d2,2,92
d66ade74-91b3-414c-926d-a68ce4bf028c,17,cff4ee54-8789-46e5-a995-15c0dea35275,22,86
d66ade74-91b3-414c-926d-a68ce4bf028c,18,aec9a7a7-c8be-461b-8047-f0c97726edf1,8,50
b55c9405-eb1e-42c5-8b47-29c600983bb8,2,cff4ee54-8789-46e5-a995-15c0dea35275,22,46
b55c9405-eb1e-42c5-8b47-29c600983bb8,14,c8a0eed4-ccd5-46fc-8b97-64b89728d342,8,47
b55c9405-eb1e-42c5-8b47-29c600983bb8,17,fc70f172-e0d8-4202-a83b-a8d6cc75de10,8,58
26d12a7f-c1f5-47b3-80b8-dc5b7ace2048,18,d3f82f56-4d74-4c26-a4c7-d20f153383cb,22,86
26d12a7f-c1f5-47b3-80b8-dc5b7ace2048,18,cff4ee54-8789-46e5-a995-15c0dea35275,17,41
26d12a7f-c1f5-47b3-80b8-dc5b7ace2048,11,7ceb34df-c5cd-4a6d-bbbd-ba393535b9d2,2,86
e8eda636-1e70-4180-9f8c-a56c80708e9d,2,cff4ee54-8789-46e5-a995-15c0dea35275,27,62
e8eda636-1e70-4180-9f8c-a56c80708e9d,18,c8a0eed4-ccd5-46fc-8b97-64b89728d342,8,66
e8eda636-1e70-4180-9f8c-a56c80708e9d,5,d372a3ee-4ff5-48df-a5f2-7da725570f5e,17,59
e8eda636-1e70-4180-9f8c-a56c80708e9d,17,aec9a7a7-c8be-461b-8047-f0c97726edf1,26,7
e8eda636-1e70-4180-9f8c-a56c80708e9d,6,0be1929c-a780-4078-9e98-6df4cf99c936,8,9
1cf93a64-cbee-4c57-a5e0-b422e9698dd4,5,79463069-f838-4edd-9438-cdc4c95e75a2,27,23
1cf93a64-cbee-4c57-a5e0-b422e9698dd4,18,cff4ee54-8789-46e5-a995-15c0dea35275,3,97
1cf93a64-cbee-4c57-a5e0-b422e9698dd4,16,fe8c95dc-f314-472c-a317-83d7bb76fbc9,11,41
1cf93a64-cbee-4c57-a5e0-b422e9698dd4,4,fc70f172-e0d8-4202-a83b-a8d6cc75de10,3,66
31cae050-041d-4767-979a-a37b236ac5ec,6,fe8c95dc-f314-472c-a317-83d7bb76fbc9,17,23
31cae050-041d-4767-979a-a37b236ac5ec,11,449de61b-f2b5-406f-8445-17b960996d0a,22,92
31cae050-041d-4767-979a-a37b236ac5ec,22,0be1929c-a780-4078-9e98-6df4cf99c936,17,88
31cae050-041d-4767-979a-a37b236ac5ec,3,fc70f172-e0d8-4202-a83b-a8d6cc75de10,26,88
21de134f-a0f8-4693-a184-97b68fe3bdb6,5,7ceb34df-c5cd-4a6d-bbbd-ba393535b9d2,22,92
21de134f-a0f8-4693-a184-97b68fe3bdb6,4,fe8c95dc-f314-472c-a317-83d7bb76fbc9,11,50
21de134f-a0f8-4693-a184-97b68fe3bdb6,19,79463069-f838-4edd-9438-cdc4c95e75a2,27,1
7f42223e-12c8-47d1-a5f2-81e6cdff5b30,19,d372a3ee-4ff5-48df-a5f2-7da725570f5e,2,7
7f42223e-12c8-47d1-a5f2-81e6cdff5b30,16,449de61b-f2b5-406f-8445-17b960996d0a,8,86
7f42223e-12c8-47d1-a5f2-81e6cdff5b30,8,cff4ee54-8789-46e5-a995-15c0dea35275,20,59
7f42223e-12c8-47d1-a5f2-81e6cdff5b30,17,0be1929c-a780-4078-9e98-6df4cf99c936,17,9
2fdcfc5c-1ff5-46c4-ab2e-f43795abfe05,17,c8a0eed4-ccd5-46fc-8b97-64b89728d342,17,32
2fdcfc5c-1ff5-46c4-ab2e-f43795abfe05,2,cff4ee54-8789-46e5-a995-15c0dea35275,2,92
2fdcfc5c-1ff5-46c4-ab2e-f43795abfe05,19,7ceb34df-c5cd-4a6d-bbbd-ba393535b9d2,27,1
2fdcfc5c-1ff5-46c4-ab2e-f43795abfe05,16,a12b297c-6ca7-436c-8318-08b5a05e1eea,22,50
2fdcfc5c-1ff5-46c4-ab2e-f43795abfe05,14,fe8c95dc-f314-472c-a317-83d7bb76fbc9,8,88
11f59ed1-8480-4481-abcd-2294518eee5a,5,449de61b-f2b5-406f-8445-17b960996d0a,22,66
11f59ed1-8480-4481-abcd-2294518eee5a,4,fe8c95dc-f314-472c-a317-83d7bb76fbc9,11,23
11f59ed1-8480-4481-abcd-2294518eee5a,6,cff4ee54-8789-46e5-a995-15c0dea35275,22,17
11f59ed1-8480-4481-abcd-2294518eee5a,22,a12b297c-6ca7-436c-8318-08b5a05e1eea,26,4
b67425b5-86ba-453e-b2e2-21c1a9a294ae,6,d372a3ee-4ff5-48df-a5f2-7da725570f5e,27,58
b67425b5-86ba-453e-b2e2-21c1a9a294ae,3,12fa2bc8-2060-41f1-a8ce-0ad8dc7c31e6,22,32
b67425b5-86ba-453e-b2e2-21c1a9a294ae,4,c8a0eed4-ccd5-46fc-8b97-64b89728d342,3,7
b67425b5-86ba-453e-b2e2-21c1a9a294ae,22,d3f82f56-4d74-4c26-a4c7-d20f153383cb,8,97
511297d9-14c0-45c2-a42b-ebc963be7f42,6,d3f82f56-4d74-4c26-a4c7-d20f153383cb,17,23
511297d9-14c0-45c2-a42b-ebc963be7f42,5,7ceb34df-c5cd-4a6d-bbbd-ba393535b9d2,2,62
511297d9-14c0-45c2-a42b-ebc963be7f42,3,79463069-f838-4edd-9438-cdc4c95e75a2,26,9
511297d9-14c0-45c2-a42b-ebc963be7f42,3,aec9a7a7-c8be-461b-8047-f0c97726edf1,22,50
f43a3aa7-58f3-4f81-affd-b1cd45bb8566,19,7ceb34df-c5cd-4a6d-bbbd-ba393535b9d2,22,17
f43a3aa7-58f3-4f81-affd-b1cd45bb8566,4,c8a0eed4-ccd5-46fc-8b97-64b89728d342,22,93
f43a3aa7-58f3-4f81-affd-b1cd45bb8566,11,d372a3ee-4ff5-48df-a5f2-7da725570f5e,2,7
f43a3aa7-58f3-4f81-affd-b1cd45bb8566,17,d3f82f56-4d74-4c26-a4c7-d20f153383cb,17,17
f43a3aa7-58f3-4f81-affd-b1cd45bb8566,3,fc70f172-e0d8-4202-a83b-a8d6cc75de10,20,41
ddc60508-999a-4a19-8ca3-916c42b8fb5e,6,7ceb34df-c5cd-4a6d-bbbd-ba393535b9d2,11,66
ddc60508-999a-4a19-8ca3-916c42b8fb5e,6,d3f82f56-4d74-4c26-a4c7-d20f153383cb,26,4
ddc60508-999a-4a19-8ca3-916c42b8fb5e,18,0be1929c-a780-4078-9e98-6df4cf99c936,26,88
ddc60508-999a-4a19-8ca3-916c42b8fb5e,11,c8a0eed4-ccd5-46fc-8b97-64b89728d342,22,50
ddc60508-999a-4a19-8ca3-916c42b8fb5e,3,449de61b-f2b5-406f-8445-17b960996d0a,17,59
289a512a-9bf9-4b76-9575-3508ee6eee51,17,a12b297c-6ca7-436c-8318-08b5a05e1eea,17,66
289a512a-9bf9-4b76-9575-3508ee6eee51,2,aec9a7a7-c8be-461b-8047-f0c97726edf1,17,32
289a512a-9bf9-4b76-9575-3508ee6eee51,6,12fa2bc8-2060-41f1-a8ce-0ad8dc7c31e6,2,58
289a512a-9bf9-4b76-9575-3508ee6eee51,3,aec9a7a7-c8be-461b-8047-f0c97726edf1,17,32
289a512a-9bf9-4b76-9575-3508ee6eee51,21,0be1929c-a780-4078-9e98-6df4cf99c936,27,9
15803041-ca6c-4e4a-9251-1a4eb313a178,17,12fa2bc8-2060-41f1-a8ce-0ad8dc7c31e6,22,7
15803041-ca6c-4e4a-9251-1a4eb313a178,6,79463069-f838-4edd-9438-cdc4c95e75a2,17,86
15803041-ca6c-4e4a-9251-1a4eb313a178,5,a12b297c-6ca7-436c-8318-08b5a05e1eea,27,97
cc274a31-028d-4a7b-9ae0-7cdf1e1067f5,22,fe8c95dc-f314-472c-a317-83d7bb76fbc9,26,97
cc274a31-028d-4a7b-9ae0-7cdf1e1067f5,6,d372a3ee-4ff5-48df-a5f2-7da725570f5e,11,97
cc274a31-028d-4a7b-9ae0-7cdf1e1067f5,5,79463069-f838-4edd-9438-cdc4c95e75a2,8,4
1fe04304-5dba-4aa2-8345-54e71e90d834,5,fe8c95dc-f314-472c-a317-83d7bb76fbc9,2,46
1fe04304-5dba-4aa2-8345-54e71e90d834,4,a12b297c-6ca7-436c-8318-08b5a05e1eea,20,17
1fe04304-5dba-4aa2-8345-54e71e90d834,14,d372a3ee-4ff5-48df-a5f2-7da725570f5e,3,47
1fe04304-5dba-4aa2-8345-54e71e90d834,21,fc70f172-e0d8-4202-a83b-a8d6cc75de10,22,88
5f032caa-b449-43c0-92bd-df10025c9ba3,16,a12b297c-6ca7-436c-8318-08b5a05e1eea,3,1
5f032caa-b449-43c0-92bd-df10025c9ba3,3,cff4ee54-8789-46e5-a995-15c0dea35275,20,32
5f032caa-b449-43c0-92bd-df10025c9ba3,2,7ceb34df-c5cd-4a6d-bbbd-ba393535b9d2,26,62
f70beb11-5632-45ec-90a7-b20b28f21fe5,18,fc70f172-e0d8-4202-a83b-a8d6cc75de10,20,32
f70beb11-5632-45ec-90a7-b20b28f21fe5,22,0be1929c-a780-4078-9e98-6df4cf99c936,20,86
f70beb11-5632-45ec-90a7-b20b28f21fe5,16,d372a3ee-4ff5-48df-a5f2-7da725570f5e,20,4
f70beb11-5632-45ec-90a7-b20b28f21fe5,5,aec9a7a7-c8be-461b-8047-f0c97726edf1,8,7
088b3828-15ea-4f10-847a-964eff9f0640,21,fe8c95dc-f314-472c-a317-83d7bb76fbc9,22,17
088b3828-15ea-4f10-847a-964eff9f0640,10,79463069-f838-4edd-9438-cdc4c95e75a2,11,86
088b3828-15ea-4f10-847a-964eff9f0640,11,fc70f172-e0d8-4202-a83b-a8d6cc75de10,26,59
3bd16739-2ba1-4e3f-9f88-805c40d71203,19,7ceb34df-c5cd-4a6d-bbbd-ba393535b9d2,22,62
3bd16739-2ba1-4e3f-9f88-805c40d71203,18,c8a0eed4-ccd5-46fc-8b97-64b89728d342,22,47
3bd16739-2ba1-4e3f-9f88-805c40d71203,18,79463069-f838-4edd-9438-cdc4c95e75a2,20,59
3bd16739-2ba1-4e3f-9f88-805c40d71203,21,fe8c95dc-f314-472c-a317-83d7bb76fbc9,17,50
eb21c3aa-3b80-4e39-827f-b64850aae4c0,4,d372a3ee-4ff5-48df-a5f2-7da725570f5e,22,41
eb21c3aa-3b80-4e39-827f-b64850aae4c0,8,7ceb34df-c5cd-4a6d-bbbd-ba393535b9d2,3,59
eb21c3aa-3b80-4e39-827f-b64850aae4c0,14,a12b297c-6ca7-436c-8318-08b5a05e1eea,3,66
86831066-9af7-4985-968d-b7646ee13eb0,18,7ceb34df-c5cd-4a6d-bbbd-ba393535b9d2,22,88
86831066-9af7-4985-968d-b7646ee13eb0,14,0be1929c-a780-4078-9e98-6df4cf99c936,8,7
86831066-9af7-4985-968d-b7646ee13eb0,6,aec9a7a7-c8be-461b-8047-f0c97726edf1,2,32
86831066-9af7-4985-968d-b7646ee13eb0,11,c8a0eed4-ccd5-46fc-8b97-64b89728d342,26,97
86831066-9af7-4985-968d-b7646ee13eb0,16,cff4ee54-8789-46e5-a995-15c0dea35275,2,92
f6d93410-a44a-45e8-a93f-7f9aa1aa9d5f,3,c8a0eed4-ccd5-46fc-8b97-64b89728d342,17,62
f6d93410-a44a-45e8-a93f-7f9aa1aa9d5f,3,d372a3ee-4ff5-48df-a5f2-7da725570f5e,22,66
f6d93410-a44a-45e8-a93f-7f9aa1aa9d5f,18,12fa2bc8-2060-41f1-a8ce-0ad8dc7c31e6,27,46
f6d93410-a44a-45e8-a93f-7f9aa1aa9d5f,10,fe8c95dc-f314-472c-a317-83d7bb76fbc9,26,32
0d13553d-532c-4e45-b60d-79f9ec92c4c2,16,c8a0eed4-ccd5-46fc-8b97-64b89728d342,17,50
0d13553d-532c-4e45-b60d-79f9ec92c4c2,2,12fa2bc8-2060-41f1-a8ce-0ad8dc7c31e6,27,32
0d13553d-532c-4e45-b60d-79f9ec92c4c2,19,0be1929c-a780-4078-9e98-6df4cf99c936,17,50
7e1f5fbe-1f3d-4d0d-b280-54297af6cbb1,14,c8a0eed4-ccd5-46fc-8b97-64b89728d342,22,4
7e1f5fbe-1f3d-4d0d-b280-54297af6cbb1,19,fe8c95dc-f314-472c-a317-83d7bb76fbc9,26,17
7e1f5fbe-1f3d-4d0d-b280-54297af6cbb1,18,12fa2bc8-2060-41f1-a8ce-0ad8dc7c31e6,26,97
7e1f5fbe-1f3d-4d0d-b280-54297af6cbb1,16,449de61b-f2b5-406f-8445-17b960996d0a,3,50
8d2d5859-c6ff-433d-ac1d-3ecd5b64010d,4,a12b297c-6ca7-436c-8318-08b5a05e1eea,2,41
8d2d5859-c6ff-433d-ac1d-3ecd5b64010d,2,7ceb34df-c5cd-4a6d-bbbd-ba393535b9d2,3,7
8d2d5859-c6ff-433d-ac1d-3ecd5b64010d,14,c8a0eed4-ccd5-46fc-8b97-64b89728d342,8,47
8d2d5859-c6ff-433d-ac1d-3ecd5b64010d,17,a12b297c-6ca7-436c-8318-08b5a05e1eea,26,97
3a23d297-41ac-4832-9277-c85ce05af6f8,16,d372a3ee-4ff5-48df-a5f2-7da725570f5e,22,46
3a23d297-41ac-4832-9277-c85ce05af6f8,17,cff4ee54-8789-46e5-a995-15c0dea35275,11,41
3a23d297-41ac-4832-9277-c85ce05af6f8,2,fe8c95dc-f314-472c-a317-83d7bb76fbc9,20,23
3a23d297-41ac-4832-9277-c85ce05af6f8,19,0be1929c-a780-4078-9e98-6df4cf99c936,26,50
3a23d297-41ac-4832-9277-c85ce05af6f8,17,79463069-f838-4edd-9438-cdc4c95e75a2,2,32
199296da-cb98-4e61-ac14-5f8989eae886,17,0be1929c-a780-4078-9e98-6df4cf99c936,3,9
199296da-cb98-4e61-ac14-5f8989eae886,11,12fa2bc8-2060-41f1-a8ce-0ad8dc7c31e6,3,62
199296da-cb98-4e61-ac14-5f8989eae886,21,7ceb34df-c5cd-4a6d-bbbd-ba393535b9d2,17,17
199296da-cb98-4e61-ac14-5f8989eae886,22,79463069-f838-4edd-9438-cdc4c95e75a2,17,32
199296da-cb98-4e61-ac14-5f8989eae886,3,79463069-f838-4edd-9438-cdc4c95e75a2,11,88
e80c095d-949b-4d3d-be39-a53adadb71db,8,a12b297c-6ca7-436c-8318-08b5a05e1eea,3,47
e80c095d-949b-4d3d-be39-a53adadb71db,14,a12b297c-6ca7-436c-8318-08b5a05e1eea,26,1
e80c095d-949b-4d3d-be39-a53adadb71db,2,fe8c95dc-f314-472c-a317-83d7bb76fbc9,27,58
e80c095d-949b-4d3d-be39-a53adadb71db,14,cff4ee54-8789-46e5-a995-15c0dea35275,3,9
e80c095d-949b-4d3d-be39-a53adadb71db,11,0be1929c-a780-4078-9e98-6df4cf99c936,17,66
7b0d12f5-db0e-4589-b1a6-8b60a9eaa320,14,d3f82f56-4d74-4c26-a4c7-d20f153383cb,3,46
7b0d12f5-db0e-4589-b1a6-8b60a9eaa320,2,a12b297c-6ca7-436c-8318-08b5a05e1eea,8,1
7b0d12f5-db0e-4589-b1a6-8b60a9eaa320,6,fc70f172-e0d8-4202-a83b-a8d6cc75de10,11,92
482c1fcf-8912-491a-8fd9-7a754ea08a2c,16,aec9a7a7-c8be-461b-8047-f0c97726edf1,22,50
482c1fcf-8912-491a-8fd9-7a754ea08a2c,10,a12b297c-6ca7-436c-8318-08b5a05e1eea,27,47
482c1fcf-8912-491a-8fd9-7a754ea08a2c,6,d372a3ee-4ff5-48df-a5f2-7da725570f5e,20,1
bf694a3f-add2-4ba4-8b54-8e4192feb213,10,79463069-f838-4edd-9438-cdc4c95e75a2,8,59
bf694a3f-add2-4ba4-8b54-8e4192feb213,16,449de61b-f2b5-406f-8445-17b960996d0a,26,7
bf694a3f-add2-4ba4-8b54-8e4192feb213,18,a12b297c-6ca7-436c-8318-08b5a05e1eea,2,93
bf694a3f-add2-4ba4-8b54-8e4192feb213,8,d3f82f56-4d74-4c26-a4c7-d20f153383cb,8,17
bf694a3f-add2-4ba4-8b54-8e4192feb213,3,fe8c95dc-f314-472c-a317-83d7bb76fbc9,11,23
05293fa3-0e83-4541-97ae-d5e30c81e2e7,18,d3f82f56-4d74-4c26-a4c7-d20f153383cb,27,32
05293fa3-0e83-4541-97ae-d5e30c81e2e7,6,a12b297c-6ca7-436c-8318-08b5a05e1eea,3,97
05293fa3-0e83-4541-97ae-d5e30c81e2e7,21,0be1929c-a780-4078-9e98-6df4cf99c936,3,1
05293fa3-0e83-4541-97ae-d5e30c81e2e7,11,aec9a7a7-c8be-461b-8047-f0c97726edf1,27,86
05293fa3-0e83-4541-97ae-d5e30c81e2e7,2,c8a0eed4-ccd5-46fc-8b97-64b89728d342,2,41
b4b7bf38-49b3-4673-bf3f-6fdf44bc7049,6,449de61b-f2b5-406f-8445-17b960996d0a,20,7
b4b7bf38-49b3-4673-bf3f-6fdf44bc7049,16,fe8c95dc-f314-472c-a317-83d7bb76fbc9,22,4
b4b7bf38-49b3-4673-bf3f-6fdf44bc7049,14,12fa2bc8-2060-41f1-a8ce-0ad8dc7c31e6,26,50
b4b7bf38-49b3-4673-bf3f-6fdf44bc7049,2,12fa2bc8-2060-41f1-a8ce-0ad8dc7c31e6,11,50
b4b7bf38-49b3-4673-bf3f-6fdf44bc7049,4,7ceb34df-c5cd-4a6d-bbbd-ba393535b9d2,22,66
6ef48436-448e-4841-b2ca-4bc11947a1e7,6,aec9a7a7-c8be-461b-8047-f0c97726edf1,11,92
6ef48436-448e-4841-b2ca-4bc11947a1e7,16,79463069-f838-4edd-9438-cdc4c95e75a2,26,32
6ef48436-448e-4841-b2ca-4bc11947a1e7,5,c8a0eed4-ccd5-46fc-8b97-64b89728d342,27,9
d753fdde-2dd7-47be-8739-9f3ec93dccc5,5,d372a3ee-4ff5-48df-a5f2-7da725570f5e,20,62
d753fdde-2dd7-47be-8739-9f3ec93dccc5,3,7ceb34df-c5cd-4a6d-bbbd-ba393535b9d2,8,41
d753fdde-2dd7-47be-8739-9f3ec93dccc5,4,d3f82f56-4d74-4c26-a4c7-d20f153383cb,22,41
d753fdde-2dd7-47be-8739-9f3ec93dccc5,18,0be1929c-a780-4078-9e98-6df4cf99c936,2,23
d753fdde-2dd7-47be-8739-9f3ec93dccc5,11,d3f82f56-4d74-4c26-a4c7-d20f153383cb,2,4
09bb0f20-ea87-4fb1-a8c1-aac51d051c55,2,d3f82f56-4d74-4c26-a4c7-d20f153383cb,8,66
09bb0f20-ea87-4fb1-a8c1-aac51d051c55,3,79463069-f838-4edd-9438-cdc4c95e75a2,17,50
09bb0f20-ea87-4fb1-a8c1-aac51d051c55,14,fe8c95dc-f314-472c-a317-83d7bb76fbc9,11,46
09bb0f20-ea87-4fb1-a8c1-aac51d051c55,10,c8a0eed4-ccd5-46fc-8b97-64b89728d342,8,7
2a230fce-fcfe-4788-896a-17a03d300832,4,79463069-f838-4edd-9438-cdc4c95e75a2,3,23
2a230fce-fcfe-4788-896a-17a03d300832,16,d372a3ee-4ff5-48df-a5f2-7da725570f5e,27,23
2a230fce-fcfe-4788-896a-17a03d300832,22,449de61b-f2b5-406f-8445-17b960996d0a,27,32
2a230fce-fcfe-4788-896a-17a03d300832,14,d3f82f56-4d74-4c26-a4c7-d20f153383cb,27,32
8e09141a-b8e4-455c-8a4b-ecf29732abf7,18,d3f82f56-4d74-4c26-a4c7-d20f153383cb,11,93
8e09141a-b8e4-455c-8a4b-ecf29732abf7,10,7ceb34df-c5cd-4a6d-bbbd-ba393535b9d2,11,88
8e09141a-b8e4-455c-8a4b-ecf29732abf7,17,d3f82f56-4d74-4c26-a4c7-d20f153383cb,11,47
8e09141a-b8e4-455c-8a4b-ecf29732abf7,14,c8a0eed4-ccd5-46fc-8b97-64b89728d342,26,58
8e09141a-b8e4-455c-8a4b-ecf29732abf7,11,d372a3ee-4ff5-48df-a5f2-7da725570f5e,2,7
93fc656e-f99e-440c-bbea-ae9e88fb1f96,10,aec9a7a7-c8be-461b-8047-f0c97726edf1,17,41
93fc656e-f99e-440c-bbea-ae9e88fb1f96,14,7ceb34df-c5cd-4a6d-bbbd-ba393535b9d2,17,58
93fc656e-f99e-440c-bbea-ae9e88fb1f96,5,449de61b-f2b5-406f-8445-17b960996d0a,27,47
93fc656e-f99e-440c-bbea-ae9e88fb1f96,3,7ceb34df-c5cd-4a6d-bbbd-ba393535b9d2,8,17
efe7066e-0f99-40d8-a052-4f6094da3227,17,449de61b-f2b5-406f-8445-17b960996d0a,26,1
efe7066e-0f99-40d8-a052-4f6094da3227,18,d372a3ee-4ff5-48df-a5f2-7da725570f5e,17,23
efe7066e-0f99-40d8-a052-4f6094da3227,3,0be1929c-a780-4078-9e98-6df4cf99c936,11,41
efe7066e-0f99-40d8-a052-4f6094da3227,16,fe8c95dc-f314-472c-a317-83d7bb76fbc9,11,58
efe7066e-0f99-40d8-a052-4f6094da3227,2,7ceb34df-c5cd-4a6d-bbbd-ba393535b9d2,11,17
7d5f729f-438e-443f-a5a3-b9b37f7ea283,19,d372a3ee-4ff5-48df-a5f2-7da725570f5e,20,32
7d5f729f-438e-443f-a5a3-b9b37f7ea283,10,7ceb34df-c5cd-4a6d-bbbd-ba393535b9d2,20,59
7d5f729f-438e-443f-a5a3-b9b37f7ea283,11,0be1929c-a780-4078-9e98-6df4cf99c936,3,88
7d5f729f-438e-443f-a5a3-b9b37f7ea283,11,cff4ee54-8789-46e5-a995-15c0dea35275,3,93
817020d8-4494-4f1b-9bb0-af63150be72d,4,aec9a7a7-c8be-461b-8047-f0c97726edf1,22,88
817020d8-4494-4f1b-9bb0-af63150be72d,17,d372a3ee-4ff5-48df-a5f2-7da725570f5e,17,7
817020d8-4494-4f1b-9bb0-af63150be72d,2,fc70f172-e0d8-4202-a83b-a8d6cc75de10,20,86
817020d8-4494-4f1b-9bb0-af63150be72d,18,fc70f172-e0d8-4202-a83b-a8d6cc75de10,8,66
c1f6f4a7-c2f0-4c7a-b2c0-1e6ad05feb66,17,fe8c95dc-f314-472c-a317-83d7bb76fbc9,17,66
c1f6f4a7-c2f0-4c7a-b2c0-1e6ad05feb66,11,c8a0eed4-ccd5-46fc-8b97-64b89728d342,8,97
c1f6f4a7-c2f0-4c7a-b2c0-1e6ad05feb66,18,aec9a7a7-c8be-461b-8047-f0c97726edf1,2,97
c1f6f4a7-c2f0-4c7a-b2c0-1e6ad05feb66,2,449de61b-f2b5-406f-8445-17b960996d0a,20,66
c1f6f4a7-c2f0-4c7a-b2c0-1e6ad05feb66,19,7ceb34df-c5cd-4a6d-bbbd-ba393535b9d2,22,58
e317d1b1-ff6e-4cbe-b140-dca0d6a3a7a4,2,449de61b-f2b5-406f-8445-17b960996d0a,22,93
e317d1b1-ff6e-4cbe-b140-dca0d6a3a7a4,19,449de61b-f2b5-406f-8445-17b960996d0a,11,41
e317d1b1-ff6e-4cbe-b140-dca0d6a3a7a4,17,fc70f172-e0d8-4202-a83b-a8d6cc75de10,17,46
e317d1b1-ff6e-4cbe-b140-dca0d6a3a7a4,21,fc70f172-e0d8-4202-a83b-a8d6cc75de10,8,4
adca58f4-b1c1-4ad5-9389-b5c7d5094ed7,11,fc70f172-e0d8-4202-a83b-a8d6cc75de10,11,17
adca58f4-b1c1-4ad5-9389-b5c7d5094ed7,16,12fa2bc8-2060-41f1-a8ce-0ad8dc7c31e6,2,46
adca58f4-b1c1-4ad5-9389-b5c7d5094ed7,8,fe8c95dc-f314-472c-a317-83d7bb76fbc9,20,46
adca58f4-b1c1-4ad5-9389-b5c7d5094ed7,5,fe8c95dc-f314-472c-a317-83d7bb76fbc9,22,4
adca58f4-b1c1-4ad5-9389-b5c7d5094ed7,22,fc70f172-e0d8-4202-a83b-a8d6cc75de10,8,50
3afaf88e-63a2-4bfb-9c7b-670f4da15109,16,7ceb34df-c5cd-4a6d-bbbd-ba393535b9d2,8,32
3afaf88e-63a2-4bfb-9c7b-670f4da15109,14,0be1929c-a780-4078-9e98-6df4cf99c936,17,88
3afaf88e-63a2-4bfb-9c7b-670f4da15109,16,cff4ee54-8789-46e5-a995-15c0dea35275,8,88
26655210-75ad-4bc3-86a1-81d7fff02041,6,cff4ee54-8789-46e5-a995-15c0dea35275,8,17
26655210-75ad-4bc3-86a1-81d7fff02041,2,12fa2bc8-2060-41f1-a8ce-0ad8dc7c31e6,17,97
26655210-75ad-4bc3-86a1-81d7fff02041,11,d372a3ee-4ff5-48df-a5f2-7da725570f5e,8,50
26655210-75ad-4bc3-86a1-81d7fff02041,17,449de61b-f2b5-406f-8445-17b960996d0a,22,92
26655210-75ad-4bc3-86a1-81d7fff02041,22,12fa2bc8-2060-41f1-a8ce-0ad8dc7c31e6,2,66
36d37b3d-086f-4a8a-8d93-8fa605a6fa10,6,cff4ee54-8789-46e5-a995-15c0dea35275,3,7
36d37b3d-086f-4a8a-8d93-8fa605a6fa10,4,a12b297c-6ca7-436c-8318-08b5a05e1eea,20,46
36d37b3d-086f-4a8a-8d93-8fa605a6fa10,21,449de61b-f2b5-406f-8445-17b960996d0a,2,66
36d37b3d-086f-4a8a-8d93-8fa605a6fa10,22,12fa2bc8-2060-41f1-a8ce-0ad8dc7c31e6,22,1
c6d31bd6-33b6-47d9-982d-8e9a7f56e064,17,fe8c95dc-f314-472c-a317-83d7bb76fbc9,2,4
c6d31bd6-33b6-47d9-982d-8e9a7f56e064,8,d372a3ee-4ff5-48df-a5f2-7da725570f5e,17,4
c6d31bd6-33b6-47d9-982d-8e9a7f56e064,21,aec9a7a7-c8be-461b-8047-f0c97726edf1,17,97
c6d31bd6-33b6-47d9-982d-8e9a7f56e064,16,12fa2bc8-2060-41f1-a8ce-0ad8dc7c31e6,11,7
f3b4d8c1-8bcf-4256-adb4-b593f4e9fcdf,8,0be1929c-a780-4078-9e98-6df4cf99c936,2,66
f3b4d8c1-8bcf-4256-adb4-b593f4e9fcdf,21,7ceb34df-c5cd-4a6d-bbbd-ba393535b9d2,17,88
f3b4d8c1-8bcf-4256-adb4-b593f4e9fcdf,22,79463069-f838-4edd-9438-cdc4c95e75a2,26,41
f3b4d8c1-8bcf-4256-adb4-b593f4e9fcdf,19,cff4ee54-8789-46e5-a995-15c0dea35275,8,9
a3615880-3f95-4415-92ec-450355d7408e,5,d3f82f56-4d74-4c26-a4c7-d20f153383cb,11,88
a3615880-3f95-4415-92ec-450355d7408e,19,449de61b-f2b5-406f-8445-17b960996d0a,26,23
a3615880-3f95-4415-92ec-450355d7408e,10,79463069-f838-4edd-9438-cdc4c95e75a2,11,97
a3615880-3f95-4415-92ec-450355d7408e,4,d372a3ee-4ff5-48df-a5f2-7da725570f5e,11,41
a3615880-3f95-4415-92ec-450355d7408e,19,d372a3ee-4ff5-48df-a5f2-7da725570f5e,26,46
fd6eca42-8a82-47e9-84e9-5059df0fabc0,18,fc70f172-e0d8-4202-a83b-a8d6cc75de10,2,41
fd6eca42-8a82-47e9-84e9-5059df0fabc0,3,449de61b-f2b5-406f-8445-17b960996d0a,27,41
fd6eca42-8a82-47e9-84e9-5059df0fabc0,2,a12b297c-6ca7-436c-8318-08b5a05e1eea,26,7
fd6eca42-8a82-47e9-84e9-5059df0fabc0,19,0be1929c-a780-4078-9e98-6df4cf99c936,22,32
fd6eca42-8a82-47e9-84e9-5059df0fabc0,6,12fa2bc8-2060-41f1-a8ce-0ad8dc7c31e6,22,46
c7c2b3bf-68a9-40f4-89d3-4c555655871d,3,0be1929c-a780-4078-9e98-6df4cf99c936,2,88
c7c2b3bf-68a9-40f4-89d3-4c555655871d,10,d3f82f56-4d74-4c26-a4c7-d20f153383cb,17,97
c7c2b3bf-68a9-40f4-89d3-4c555655871d,8,12fa2bc8-2060-41f1-a8ce-0ad8dc7c31e6,27,9
cfd2e4d6-2844-4f9a-9614-227f14d26b21,22,a12b297c-6ca7-436c-8318-08b5a05e1eea,22,9
cfd2e4d6-2844-4f9a-9614-227f14d26b21,22,12fa2bc8-2060-41f1-a8ce-0ad8dc7c31e6,11,50
cfd2e4d6-2844-4f9a-9614-227f14d26b21,22,449de61b-f2b5-406f-8445-17b960996d0a,20,50
